-0.5794695216272759	0.46093203689879103	-0.579469521627276	0.46093203689879103	0.46093203689879103	0.46093203689879103	-0.579469521627276	0.46093203689879103	0.4609320368987908	-0.5794695216272759	-0.5794695216272759	-0.5794695216272759	-0.579469521627276	0.4609320368987909	-0.5794695216272759	0.460932036898791	-0.579469521627276	0.460932036898791	-0.579469521627276	0.460932036898791	0.46093203689879103	-0.579469521627276	-0.579469521627276	0.460932036898791	0.46093203689879103	0.4609320368987911	0.4609320368987911	0.460932036898791	-0.5794695216272759	0.4609320368987909
-0.5794695216272756	0.46093203689879075	0.46093203689879075	0.46093203689879064	0.46093203689879075	0.46093203689879075	-0.5794695216272756	-0.5794695216272756	0.46093203689879064	-0.5794695216272756	-0.5794695216272757	0.46093203689879075	0.4609320368987907	0.46093203689879064	-0.5794695216272757	0.46093203689879075	-0.5794695216272756	0.46093203689879075	0.46093203689879064	-0.5794695216272757	-0.5794695216272757	0.46093203689879064	0.46093203689879064	-0.5794695216272756	-0.5794695216272757	-0.5794695216272756	0.46093203689879075	0.4609320368987908	0.46093203689879064	-0.5794695216272757
-0.5794695216272755	-0.5794695216272755	0.46093203689879053	-0.5794695216272754	0.46093203689879064	0.4609320368987907	-0.5794695216272755	-0.5794695216272754	0.46093203689879053	0.46093203689879053	-0.5794695216272754	0.46093203689879064	-0.5794695216272755	-0.5794695216272754	-0.5794695216272754	-0.5794695216272754	0.46093203689879053	-0.5794695216272754	0.46093203689879053	0.46093203689879053	0.4609320368987907	0.46093203689879053	0.4609320368987906	0.46093203689879053	0.4609320368987906	-0.5794695216272754	0.46093203689879053	0.46093203689879053	0.46093203689879053	-0.5794695216272755
-0.06664958368630922	0.06473212956713674	0.06473212956713632	0.06473212956713646	0.06473212956713724	0.06473212956713617	0.0647321295671366	0.06473212956713607	-0.0666495836863094	-0.06664958368630872	0.06473212956713707	0.06473212956713677	0.06473212956713568	0.06473212956713638	0.06473212956713731	-0.06664958368630917	-0.06664958368630883	0.06473212956713674	0.06473212956713603	0.06473212956713657	0.0647321295671364	-0.06664958368630948	-0.0666495836863091	0.064732129567136	0.06473212956713632	-0.06664958368630915	0.06473212956713706	-0.06664958368630905	-0.06664958368630845	-0.06664958368630913
-0.05216451927070579	-0.052164519270705284	-0.052164519270705714	0.050982544687727234	0.05098254468772665	0.05098254468772674	-0.05216451927070471	0.05098254468772603	0.05098254468772728	0.05098254468772587	0.05098254468772848	-0.05216451927070535	-0.05216451927070534	0.05098254468772597	0.05098254468772622	0.050982544687726804	0.050982544687725846	0.05098254468772827	-0.05216451927070465	-0.052164519270704875	0.050982544687727255	0.05098254468772742	0.05098254468772802	0.05098254468772804	0.05098254468772723	0.050982544687727456	-0.05216451927070391	0.0509825446877258	-0.05216451927070472	0.05098254468772685
-0.05216451927070563	-0.05216451927070544	0.050982544687728344	0.050982544687727345	0.050982544687725985	-0.05216451927070477	-0.05216451927070684	-0.052164519270706255	0.05098254468772687	0.05098254468772744	0.05098254468772803	0.050982544687727	0.05098254468772748	-0.05216451927070608	-0.052164519270706304	0.05098254468772766	0.05098254468772743	0.05098254468772907	-0.05216451927070597	0.05098254468772661	-0.0521645192707057	0.05098254468772703	0.05098254468772717	0.05098254468772824	0.050982544687727026	-0.05216451927070629	0.05098254468772656	0.05098254468772722	0.050982544687727956	0.050982544687727935
-0.03184186895282399	0.031397535194564216	-0.031841868952823385	-0.03184186895282189	0.031397535194564966	0.03139753519456385	0.03139753519456478	0.03139753519456481	0.03139753519456438	0.03139753519456567	-0.03184186895282437	0.031397535194562794	0.0313975351945653	-0.03184186895282276	0.03139753519456467	-0.031841868952824065	0.03139753519456317	0.03139753519456524	0.031397535194563765	0.03139753519456589	0.031397535194565326	0.03139753519456468	0.03139753519456347	0.03139753519456501	0.03139753519456409	0.031397535194564695	0.031397535194564535	0.03139753519456437	0.03139753519456484	-0.031841868952824634
-0.031841868952823274	-0.031841868952823836	0.031397535194563383	0.03139753519456528	0.03139753519456487	0.03139753519456342	0.03139753519456527	-0.03184186895282455	-0.03184186895282381	-0.03184186895282295	0.03139753519456533	0.031397535194563765	0.031397535194565264	0.03139753519456509	0.03139753519456556	0.031397535194563564	0.0313975351945639	0.0313975351945649	0.03139753519456461	0.031397535194565965	0.03139753519456337	0.03139753519456553	0.03139753519456482	0.03139753519456426	0.031397535194566104	-0.031841868952824495	0.03139753519456381	0.03139753519456441	-0.031841868952824856	0.03139753519456455
-0.028210802109293012	0.027861472664838727	0.027861472664840032	0.027861472664841323	-0.02821080210929161	0.0278614726648389	0.027861472664841028	0.027861472664841676	0.027861472664841264	0.027861472664839494	0.0278614726648383	0.027861472664839855	0.02786147266484039	0.02786147266484061	0.02786147266484077	0.027861472664841964	0.0278614726648379	-0.028210802109293193	0.027861472664838714	-0.02821080210929065	-0.02821080210929452	0.027861472664839987	0.02786147266483976	0.027861472664839765	0.027861472664839054	0.02786147266483911	0.02786147266483867	0.02786147266483793	0.027861472664839744	-0.02821080210929397
-0.028210802109292103	0.02786147266484003	0.027861472664839595	0.027861472664840403	0.02786147266483957	0.027861472664841506	0.02786147266483763	0.02786147266484135	0.027861472664840393	0.02786147266483995	-0.028210802109293238	0.027861472664837624	-0.028210802109294015	0.027861472664837617	0.027861472664840597	0.027861472664839262	0.02786147266483894	0.027861472664841038	0.027861472664837215	0.0278614726648405	0.02786147266483831	0.027861472664839154	0.02786147266484127	0.02786147266483912	0.027861472664840146	-0.028210802109292995	0.027861472664841787	0.0278614726648417	-0.028210802109293928	-0.028210802109290476
-0.025328653730440763	0.025046699478736483	0.025046699478738207	0.025046699478736563	0.025046699478737586	0.025046699478737427	-0.025328653730439517	0.02504669947873915	0.0250466994787362	0.025046699478736396	0.025046699478736802	0.025046699478735536	0.025046699478737132	0.025046699478736095	-0.025328653730440343	0.025046699478737593	0.025046699478736112	0.02504669947873665	0.025046699478737135	0.025046699478736733	0.025046699478735182	-0.025328653730437675	0.02504669947873881	0.025046699478738305	-0.025328653730441637	0.02504669947873926	0.025046699478738162	0.025046699478737656	0.025046699478735175	0.025046699478738697
-0.02298411455659886	-0.02298411455659975	0.022751702863229226	0.02275170286322907	0.02275170286323275	0.02275170286322946	0.022751702863229688	0.022751702863230753	0.02275170286323139	0.02275170286323098	0.0227517028632308	0.022751702863230153	0.022751702863228505	0.022751702863231592	0.022751702863230812	0.02275170286322989	0.0227517028632304	0.02275170286322863	0.022751702863231867	0.02275170286322997	0.022751702863231207	0.02275170286323184	-0.022984114556601234	-0.02298411455660031	0.022751702863229025	0.02275170286323161	0.02275170286323054	0.02275170286323059	0.022751702863230788	0.02275170286322989
0.016659676402043487	0.016659676402047803	0.0166596764020465	0.016659676402048358	0.016659676402050926	0.016659676402045635	0.01665967640205104	0.016659676402049982	0.016659676402049198	0.016659676402045333	0.0166596764020499	0.016659676402046728	0.016659676402044715	0.016659676402049257	0.01665967640204485	0.016659676402048778	0.01665967640204786	0.016659676402050703	0.016659676402049767	0.016659676402045527	0.016659676402045957	0.01665967640204653	0.01665967640204528	0.01665967640204772	0.016659676402045312	0.016659676402048372	0.016659676402046946	0.01665967640204699	0.01665967640204606	0.01665967640204554
0.017853636740455692	0.017853636740456993	0.01785363674045771	0.017853636740459228	0.017853636740457503	0.01785363674045961	0.01785363674045837	0.017853636740461115	0.01785363674045729	0.01785363674045813	0.017853636740458485	0.01785363674045979	-0.01799643732397789	0.017853636740463776	0.017853636740459373	0.01785363674045836	0.017853636740457948	0.017853636740458513	0.01785363674045989	0.017853636740459936	0.01785363674046046	0.017853636740458492	0.01785363674045914	0.017853636740459238	0.017853636740457635	0.017853636740461396	0.017853636740461396	0.017853636740459585	0.017853636740457715	0.0178536367404622
0.017853636740456917	0.017853636740460647	-0.01799643732397904	0.017853636740459963	0.017853636740460792	0.01785363674046125	0.017853636740462562	0.017853636740458045	0.01785363674045821	0.017853636740457177	0.017853636740457847	0.01785363674045973	0.01785363674046046	0.01785363674046069	0.0178536367404591	0.017853636740457774	0.017853636740460643	0.01785363674046013	0.01785363674045605	0.017853636740461705	0.017853636740457424	0.017853636740457788	0.017853636740459294	0.017853636740458485	0.01785363674046126	0.0178536367404593	0.017853636740459495	0.01785363674045671	0.017853636740459613	0.017853636740456973
0.01785363674045748	0.017853636740461327	0.017853636740458763	0.01785363674045875	0.017853636740456116	0.017853636740457972	0.017853636740459956	0.01785363674046014	0.01785363674045838	0.017853636740462232	0.017853636740458173	0.01785363674046078	-0.0179964373239779	0.017853636740457236	0.017853636740463034	0.017853636740457327	0.017853636740460224	0.017853636740458794	0.01785363674045666	0.017853636740459432	0.017853636740458256	0.017853636740455682	0.01785363674046436	0.01785363674045952	0.01785363674045952	0.017853636740457833	0.017853636740459835	0.017853636740458697	0.017853636740457632	0.017853636740460834
0.017853636740457902	0.01785363674045777	0.017853636740459238	0.017853636740461042	0.017853636740460376	0.017853636740462833	0.017853636740457465	0.017853636740459165	0.017853636740462017	0.017853636740458336	0.017853636740456584	0.017853636740457632	0.017853636740458603	0.017853636740458617	0.01785363674046058	0.017853636740462007	0.017853636740461577	0.017853636740458038	0.01785363674045664	0.017853636740459262	0.017853636740457892	0.01785363674046028	0.017853636740458992	0.017853636740461837	0.017853636740460133	-0.017996437323979052	0.017853636740454634	0.017853636740457864	0.01785363674045639	0.01785363674046245
0.01785363674045905	0.01785363674046057	0.01785363674045896	0.017853636740457292	0.017853636740456154	0.01785363674045854	0.017853636740458534	0.017853636740460574	-0.01799643732397935	0.017853636740461563	0.01785363674045872	0.01785363674046204	0.01785363674045939	0.017853636740457778	0.017853636740457243	0.017853636740457722	0.017853636740459207	0.017853636740459436	0.0178536367404608	0.01785363674045898	0.017853636740455963	0.017853636740459835	0.01785363674046047	0.017853636740456404	0.017853636740461535	0.017853636740459644	0.017853636740458815	0.017853636740459252	0.01785363674045945	0.017853636740462496
0.017853636740459207	0.01785363674045883	0.01785363674045898	0.017853636740458454	0.01785363674045961	0.017853636740458905	0.017853636740459852	0.01785363674045731	0.017853636740460293	0.01785363674045857	0.01785363674045806	-0.01799643732397822	0.017853636740459776	0.01785363674045944	0.017853636740456372	0.01785363674045962	0.01785363674045724	0.017853636740460536	0.01785363674046085	0.01785363674045551	0.01785363674046045	0.017853636740461323	0.017853636740458954	0.017853636740459988	0.017853636740457694	0.017853636740459564	0.017853636740458704	0.017853636740459474	0.01785363674046094	0.01785363674046073
0.01785363674045937	0.017853636740458503	0.017853636740458895	0.017853636740458735	0.017853636740459127	0.01785363674046153	0.017853636740459394	0.01785363674046106	0.017853636740461316	0.017853636740458714	0.017853636740456588	0.0178536367404588	-0.017996437323980208	0.017853636740461504	0.017853636740458412	0.017853636740460713	0.017853636740457222	0.017853636740459106	0.017853636740459453	0.01785363674046015	0.01785363674045908	0.017853636740458225	0.017853636740457358	0.01785363674045933	0.01785363674046129	0.017853636740458964	0.01785363674045758	0.017853636740458777	0.01785363674045967	0.017853636740458426
0.017853636740459485	0.01785363674045519	0.017853636740459356	0.01785363674045887	0.01785363674045613	0.017853636740456303	-0.01799643732397623	0.017853636740459103	0.01785363674046099	0.017853636740461372	0.017853636740458752	0.0178536367404626	0.017853636740456952	0.01785363674046163	0.01785363674045822	0.017853636740462565	0.017853636740458458	0.01785363674046104	0.017853636740458544	0.017853636740457715	0.01785363674045779	0.017853636740458815	0.0178536367404587	0.017853636740460012	0.017853636740458225	0.017853636740460924	0.017853636740462794	0.017853636740457875	0.01785363674045768	0.017853636740457285
0.017853636740460296	0.017853636740458027	0.017853636740461632	0.017853636740457198	0.017853636740458527	0.017853636740457566	0.017853636740457857	0.017853636740459203	0.01785363674045701	0.017853636740457975	0.017853636740460033	0.017853636740457954	0.01785363674045994	0.017853636740459842	0.01785363674045636	0.01785363674045893	0.01785363674045887	0.017853636740460706	0.017853636740457812	0.017853636740459658	0.017853636740458347	0.01785363674045988	0.017853636740460088	0.017853636740461365	0.017853636740457195	0.017853636740462607	0.017853636740460924	-0.017996437323977717	0.017853636740458367	0.017853636740460584
0.017853636740461476	0.01785363674045952	0.017853636740459127	0.017853636740458728	0.017853636740454953	0.017853636740459148	0.01785363674045847	0.01785363674045539	0.01785363674046126	0.017853636740459138	0.017853636740456053	0.017853636740455613	0.017853636740460158	0.01785363674045734	0.01785363674046082	0.017853636740456518	0.017853636740458752	0.01785363674045914	0.017853636740461677	0.01785363674046085	0.017853636740460012	-0.0179964373239769	0.017853636740459974	0.01785363674045737	0.017853636740460234	0.017853636740459797	0.01785363674046085	0.017853636740462118	0.01785363674046084	0.017853636740458492
0.01923276243411245	0.019232762434115768	0.01923276243411385	0.019232762434112913	0.01923276243411278	-0.019398579115584128	0.019232762434114647	0.01923276243411463	0.019232762434110772	0.019232762434113183	-0.019398579115584826	0.01923276243411454	0.019232762434114283	0.019232762434113943	0.019232762434115543	0.019232762434112483	0.019232762434113683	0.019232762434113197	0.0192327624341129	0.019232762434117062	0.019232762434113152	0.019232762434113853	0.019232762434112018	0.019232762434115345	0.01923276243411575	0.019232762434116285	0.019232762434112916	0.01923276243411662	0.019232762434113117	0.019232762434112694
0.019232762434112642	-0.019398579115583885	0.01923276243411239	0.019232762434114925	-0.019398579115585204	0.019232762434115258	0.019232762434118228	0.019232762434112278	0.019232762434114658	0.019232762434114915	0.019232762434114897	0.019232762434114134	0.01923276243411228	0.01923276243411235	0.019232762434111855	0.019232762434112056	0.01923276243411531	0.019232762434114415	0.019232762434115213	0.019232762434112614	0.01923276243411472	0.019232762434114595	0.01923276243411385	0.019232762434114932	0.019232762434112528	0.019232762434116233	0.019232762434112132	0.01923276243411496	0.01923276243411229	0.01923276243411392
0.01923276243411639	0.019232762434116233	0.019232762434113693	0.019232762434113888	0.019232762434112535	0.019232762434117562	0.01923276243411412	0.01923276243411482	-0.019398579115584767	0.019232762434111827	0.01923276243411448	0.0192327624341134	0.019232762434117007	0.019232762434116542	0.019232762434113	0.019232762434115976	0.01923276243411396	0.0192327624341156	0.019232762434113895	0.01923276243411146	0.019232762434113863	0.019232762434112732	0.019232762434111157	0.019232762434110734	0.019232762434116327	0.019232762434112732	0.01923276243411238	0.019232762434114023	0.019232762434115504	-0.019398579115589627
0.020843992456647784	0.020843992456648485	0.020843992456650206	-0.021038896272692956	-0.02103889627269354	0.020843992456648114	0.020843992456650327	0.02084399245665104	0.02084399245664892	0.020843992456647715	0.020843992456650078	0.02084399245664663	0.020843992456648322	0.020843992456649318	0.020843992456649037	0.020843992456652062	0.020843992456651604	0.02084399245665142	0.020843992456648346	0.02084399245665015	0.020843992456649727	-0.021038896272695538	0.020843992456649696	0.020843992456649408	0.020843992456651063	0.020843992456650265	0.020843992456647496	0.020843992456650594	0.020843992456650126	0.020843992456647097
0.020843992456648478	0.02084399245664867	0.020843992456648468	0.020843992456649044	0.020843992456647503	0.02084399245664821	0.020843992456649085	0.020843992456649373	0.020843992456648235	0.020843992456649668	0.02084399245664909	0.02084399245664753	0.020843992456649914	0.020843992456647746	0.020843992456662682	0.02084399245664937	-0.021038896272694237	0.02084399245664794	0.020843992456650303	0.020843992456648593	0.020843992456649255	0.020843992456648176	0.020843992456651056	0.02084399245664865	0.02084399245665058	0.02084399245664954	-0.021038896272695517	-0.02103889627269471	0.0208439924566512	0.020843992456648915
0.02084399245664857	0.020843992456648995	0.020843992456649113	0.020843992456649592	0.020843992456650626	0.020843992456650376	0.02084399245664831	-0.021038896272695187	0.020843992456646695	0.020843992456651635	0.020843992456651465	0.020843992456648947	0.020843992456647857	0.020843992456650383	0.020843992456648478	0.020843992456651445	0.020843992456649592	0.020843992456649807	0.02084399245665096	-0.021038896272692932	-0.02103889627269615	0.020843992456650053	0.02084399245665045	0.020843992456647656	0.020843992456650747	0.02084399245664755	0.02084399245664762	0.02084399245664891	0.020843992456650178	0.020843992456651136
0.0208439924566486	0.020843992456647514	0.020843992456648437	0.02084399245664997	0.020843992456649665	0.020843992456648402	0.020843992456650216	0.020843992456649002	0.020843992456650622	0.020843992456649904	0.020843992456649654	0.020843992456647684	0.02084399245665063	0.020843992456649474	0.02084399245664633	0.0208439924566506	0.02084399245664921	0.020843992456649217	0.020843992456650272	0.020843992456651028	-0.021038896272692925	0.020843992456649533	-0.021038896272696127	0.02084399245665155	0.020843992456649918	0.020843992456648648	-0.021038896272696367	0.020843992456649228	0.0208439924566533	0.020843992456649574
0.020843992456648957	0.020843992456649748	0.020843992456649498	0.02084399245665038	0.020843992456649214	0.020843992456646383	0.020843992456647305	0.02084399245665069	-0.02103889627269511	0.020843992456648818	0.020843992456649658	0.0208439924566507	0.0208439924566482	0.020843992456649543	0.020843992456648374	0.020843992456650744	0.020843992456651136	0.020843992456647528	0.020843992456648988	0.020843992456650258	0.020843992456649894	-0.02103889627269205	0.02084399245665197	0.020843992456647902	0.020843992456649318	0.02084399245665122	0.02084399245664857	0.02084399245664913	-0.02103889627269378	0.0208439924566497
0.02084399245664951	0.020843992456649345	0.020843992456649734	0.020843992456649054	0.02084399245664675	0.02084399245664617	-0.021038896272695756	0.020843992456652603	0.02084399245665	0.02084399245665195	0.020843992456648336	0.020843992456648256	0.020843992456647392	0.02084399245664926	0.020843992456650834	0.020843992456650542	0.020843992456650143	0.020843992456648343	-0.021038896272692367	0.020843992456649012	0.020843992456651347	0.020843992456650435	0.02084399245664917	0.020843992456650116	0.020843992456651528	0.020843992456651403	-0.021038896272696377	0.0208439924566511	0.020843992456648742	0.02084399245664619
0.020843992456650227	-0.021038896272691874	0.020843992456650633	0.020843992456649002	0.020843992456650043	0.02084399245665005	0.02084399245664877	0.020843992456647475	0.020843992456650685	0.020843992456649085	0.020843992456648187	-0.02103889627269694	0.020843992456651105	0.020843992456648825	-0.021038896272692356	0.020843992456648176	0.020843992456652468	0.020843992456648478	0.02084399245665024	0.020843992456650487	0.020843992456648405	0.020843992456649557	0.020843992456651587	0.020843992456648537	0.020843992456648582	0.02084399245665066	0.020843992456648554	0.02084399245664843	0.02084399245664684	0.020843992456648943
0.020843992456650723	0.02084399245665092	0.020843992456648718	0.02084399245664909	0.020843992456648284	0.020843992456650803	0.020843992456649477	0.020843992456649453	0.020843992456650185	0.020843992456648256	0.0208439924566505	0.020843992456647694	0.02084399245664778	0.020843992456649432	0.020843992456650067	0.020843992456651368	0.020843992456648485	0.020843992456649366	-0.021038896272695094	0.0208439924566487	0.020843992456649054	0.020843992456651136	0.020843992456650393	-0.021038896272695604	0.020843992456648225	0.02084399245664973	0.020843992456651615	0.020843992456648214	0.020843992456648443	-0.021038896272692544
0.020843992456650758	0.02084399245664901	0.020843992456649068	0.02084399245664941	0.020843992456650993	0.02084399245664857	-0.021038896272694795	0.02084399245665136	0.02084399245665054	0.02084399245664803	0.020843992456648808	0.020843992456651635	0.020843992456650962	0.020843992456647076	0.020843992456650678	0.020843992456648985	0.020843992456647326	0.02084399245664819	0.02084399245664943	0.020843992456648645	0.020843992456650338	0.020843992456647902	0.020843992456649495	0.020843992456654713	0.020843992456649026	-0.02103889627269535	0.020843992456649016	0.020843992456649012	-0.021038896272695187	0.020843992456649033
0.02084399245665156	-0.0210388962726948	0.020843992456647288	0.020843992456651843	0.02084399245664847	0.020843992456650723	0.020843992456645907	0.020843992456649467	0.020843992456651868	0.020843992456652416	0.02084399245664869	-0.021038896272696395	0.0208439924566484	0.020843992456649526	0.02084399245664919	0.020843992456650116	0.02084399245664992	0.020843992456649873	0.020843992456647892	0.020843992456649536	0.02084399245664865	0.02084399245664947	0.020843992456648322	0.02084399245664929	0.020843992456652805	0.020843992456648603	0.020843992456650893	-0.02103889627269487	0.020843992456650483	0.0208439924566476
0.020843992456655223	0.020843992456651018	0.020843992456649658	0.020843992456650976	0.020843992456648888	0.020843992456648162	0.02084399245664883	-0.02103889627269441	-0.021038896272695232	0.020843992456650567	0.02084399245665148	0.020843992456649918	0.020843992456646927	0.020843992456649106	0.020843992456650806	0.020843992456649696	0.020843992456646896	0.020843992456651684	0.0208439924566519	0.02084399245664906	0.020843992456649276	0.02084399245664837	0.020843992456646424	0.02084399245664619	0.020843992456647954	0.020843992456648638	0.020843992456648808	0.020843992456651837	-0.021038896272692897	0.020843992456647045
0.022751702863227436	0.022751702863227908	0.022751702863231495	0.022751702863229573	0.022751702863231745	0.022751702863228966	-0.0229841145566014	0.022751702863231534	0.02275170286323094	0.022751702863233074	-0.0229841145566024	0.02275170286322855	-0.022984114556598458	0.022751702863230933	0.022751702863231794	0.02275170286323026	0.022751702863231103	0.02275170286322897	0.022751702863230448	0.022751702863228737	0.022751702863231322	0.022751702863230472	0.022751702863232196	-0.022984114556600876	0.022751702863232637	0.022751702863230493	0.022751702863232214	0.022751702863230465	0.022751702863229188	0.022751702863231936
0.022751702863229188	0.02275170286322893	0.02275170286323109	-0.022984114556601237	-0.022984114556600287	0.022751702863230257	0.022751702863233476	0.022751702863230836	0.022751702863233476	0.022751702863228505	0.022751702863231124	0.02275170286322827	0.02275170286322975	0.022751702863230392	0.02275170286322982	0.022751702863232765	0.022751702863229775	-0.022984114556602788	0.02275170286323173	0.022751702863230024	0.02275170286323021	0.022751702863229372	-0.02298411455659965	0.022751702863231554	0.02275170286322955	0.02275170286323153	0.02275170286323003	0.02275170286323022	0.02275170286323082	0.02275170286323243
0.022751702863229445	0.02275170286323035	0.022751702863230288	0.022751702863231194	0.022751702863230583	0.022751702863230742	0.022751702863230343	0.02275170286322988	0.02275170286323356	0.022751702863229844	-0.022984114556599256	0.022751702863230958	0.02275170286323201	0.022751702863228813	0.02275170286322947	0.022751702863230732	0.022751702863230493	0.022751702863230985	0.022751702863228255	0.02275170286323315	0.022751702863231648	0.02275170286323183	0.02275170286322925	-0.02298411455660065	0.022751702863228564	-0.022984114556603756	0.022751702863230736	0.022751702863231225	-0.022984114556599912	0.022751702863230285
0.022751702863229792	0.022751702863231926	0.022751702863230076	0.022751702863231395	0.022751702863230652	0.022751702863230517	0.022751702863233445	0.022751702863231155	0.022751702863229653	0.022751702863230767	0.022751702863231013	0.0227517028632293	0.022751702863227915	0.02275170286323253	0.02275170286322999	-0.02298411455660139	-0.022984114556601327	0.0227517028632293	0.022751702863229605	-0.02298411455660286	0.022751702863231544	0.022751702863233057	0.02275170286323189	-0.022984114556602365	0.022751702863231103	0.02275170286323148	0.022751702863229428	0.022751702863229636	0.022751702863231874	0.022751702863230083
0.02275170286322998	0.02275170286322944	-0.0229841145566005	0.022751702863229386	0.02275170286323156	0.02275170286323001	-0.022984114556599957	0.022751702863230302	0.0227517028632307	0.022751702863229823	0.022751702863229032	0.022751702863230264	0.02275170286322789	0.02275170286322834	0.022751702863230683	0.0227517028632324	0.022751702863232717	0.022751702863232824	0.022751702863228303	-0.022984114556597934	0.022751702863229434	0.02275170286323282	0.02275170286323068	0.02275170286322872	0.022751702863231135	-0.0229841145566013	0.02275170286323022	0.022751702863232432	0.022751702863231762	0.022751702863230066
0.022751702863230715	0.022751702863231794	-0.022984114556600547	-0.022984114556602857	0.02275170286323104	0.022751702863228442	0.02275170286323201	0.022751702863232474	0.022751702863229875	0.02275170286322922	0.022751702863231388	0.02275170286322944	0.022751702863228553	0.02275170286323114	-0.0229841145566016	-0.022984114556600595	0.02275170286322845	0.02275170286323093	0.02275170286323284	0.022751702863231197	0.022751702863231322	0.022751702863230087	0.02275170286322946	0.02275170286322817	0.02275170286323203	0.022751702863230677	0.022751702863230902	0.022751702863231187	0.02275170286323009	0.022751702863233404
0.022751702863231398	0.02275170286322924	0.02275170286322968	0.02275170286323048	-0.022984114556599006	0.022751702863227693	0.02275170286322964	-0.022984114556601827	0.022751702863229632	0.022751702863228383	0.022751702863230118	0.022751702863231603	0.022751702863231624	0.022751702863231724	-0.022984114556600516	0.022751702863231145	0.022751702863231187	0.022751702863232467	0.022751702863231554	0.022751702863227922	0.022751702863229452	-0.022984114556602542	0.022751702863230288	0.022751702863231416	0.02275170286323114	0.02275170286323335	0.02275170286323072	0.02275170286323158	0.02275170286323133	0.022751702863230323
0.022751702863231738	0.02275170286323034	0.022751702863233504	0.02275170286322906	0.022751702863232737	0.022751702863229563	-0.022984114556601435	-0.02298411455660352	0.022751702863230368	0.02275170286323146	-0.02298411455660024	-0.022984114556603718	0.022751702863229684	0.022751702863231523	0.022751702863230625	0.02275170286323031	0.02275170286323329	0.02275170286323128	0.02275170286323064	0.022751702863229386	0.022751702863231842	0.022751702863231187	0.022751702863230465	0.02275170286323095	0.02275170286322979	0.022751702863230243	0.022751702863229605	0.022751702863228973	0.02275170286323084	0.022751702863230798
0.022751702863232286	-0.02298411455660048	0.02275170286322863	0.022751702863231672	0.02275170286322914	0.022751702863230368	0.022751702863229868	-0.022984114556601692	0.022751702863229487	0.02275170286322882	0.022751702863230343	0.02275170286323202	0.02275170286323096	0.02275170286323145	0.02275170286322835	0.022751702863230947	0.022751702863232273	0.02275170286323102	-0.022984114556600498	0.022751702863230142	-0.0229841145566011	0.022751702863231256	0.022751702863231384	0.022751702863229518	0.022751702863230732	0.022751702863229136	0.022751702863232096	0.022751702863233254	0.02275170286322954	0.022751702863230354
0.025046699478736018	0.0250466994787384	0.02504669947873581	0.025046699478737774	0.02504669947873883	-0.025328653730438418	0.025046699478736268	0.025046699478736244	0.02504669947873695	0.02504669947873626	0.025046699478737267	0.025046699478737285	0.025046699478736174	0.025046699478737073	0.02504669947873633	0.025046699478738478	0.025046699478737725	0.025046699478737527	0.025046699478736514	0.025046699478739186	0.025046699478737545	0.02504669947873689	-0.02532865373044248	0.025046699478737472	-0.02532865373043926	-0.02532865373043884	-0.025328653730441977	0.025046699478737344	0.025046699478737895	0.025046699478736806
0.025046699478736518	-0.025328653730440416	0.02504669947873887	0.025046699478737423	0.025046699478735824	0.02504669947873631	-0.02532865373043858	0.025046699478740157	0.02504669947873959	0.02504669947873695	0.025046699478737788	0.025046699478736438	-0.025328653730441148	0.025046699478739127	0.025046699478738183	-0.025328653730442345	0.025046699478737066	0.025046699478739456	0.02504669947873569	-0.0253286537304424	0.025046699478736834	0.025046699478737288	0.02504669947873997	0.025046699478738162	0.025046699478735758	0.02504669947873694	0.025046699478735317	0.025046699478734367	0.02504669947873586	0.025046699478738107
0.025046699478736955	0.02504669947873632	0.025046699478737642	-0.02532865373044007	0.025046699478737063	0.025046699478735873	0.02504669947873655	0.02504669947873906	0.025046699478738457	0.025046699478737975	0.025046699478735102	0.025046699478736806	0.02504669947873811	0.02504669947873611	0.025046699478736837	0.02504669947873755	0.025046699478737625	0.025046699478737364	0.025046699478735106	-0.02532865373043846	0.025046699478735245	0.025046699478737937	0.02504669947873512	-0.02532865373043938	0.025046699478738096	0.025046699478736317	-0.025328653730439698	0.025046699478739366	0.025046699478737652	-0.025328653730439448
0.02504669947873752	0.025046699478738298	0.02504669947873726	0.025046699478738072	0.02504669947873842	-0.02532865373044021	-0.025328653730440676	0.025046699478736743	0.025046699478734374	0.02504669947873616	-0.025328653730438234	0.025046699478738072	0.025046699478737233	0.025046699478734592	0.025046699478734984	0.025046699478734363	0.02504669947873874	0.025046699478735328	-0.025328653730437495	0.02504669947873587	0.025046699478738187	0.025046699478738183	0.025046699478737347	0.025046699478736403	0.025046699478738107	0.025046699478738107	0.025046699478736254	0.025046699478738513	-0.025328653730440482	0.025046699478739207
0.02504669947873776	0.025046699478737805	0.025046699478736376	0.025046699478738055	0.025046699478737035	0.02504669947873687	-0.02532865373044128	0.02504669947873796	0.02504669947873905	0.025046699478736216	0.025046699478738797	0.025046699478736608	0.025046699478737135	0.025046699478735494	-0.025328653730440815	0.02504669947873632	0.025046699478735862	0.02504669947873495	0.025046699478736372	0.025046699478736844	0.025046699478738572	0.02504669947873709	-0.025328653730438463	0.02504669947873992	0.025046699478737142	-0.02532865373043918	-0.02532865373044248	0.025046699478736754	0.0250466994787386	0.02504669947873778
0.025046699478738003	0.025046699478736577	0.025046699478735876	-0.0253286537304376	0.025046699478736868	0.025046699478734603	0.025046699478737396	0.025046699478737035	0.025046699478737444	0.02504669947873695	0.025046699478735574	-0.02532865373043907	0.025046699478737774	0.025046699478735928	0.025046699478736587	0.0250466994787355	0.025046699478737118	0.025046699478737538	0.025046699478738724	-0.02532865373043992	0.02504669947873673	0.02504669947873872	-0.02532865373043924	0.025046699478736913	-0.025328653730439053	0.025046699478737097	0.025046699478737562	0.025046699478737677	0.025046699478736657	0.025046699478737326
0.027861472664838776	-0.028210802109290653	0.027861472664839706	0.027861472664840226	-0.028210802109293318	0.02786147266484127	0.027861472664837458	-0.02821080210929527	-0.028210802109295757	0.027861472664840587	0.027861472664839914	-0.028210802109291517	0.027861472664839553	0.02786147266484103	0.027861472664840712	0.027861472664837954	0.02786147266484029	0.02786147266483796	0.027861472664839043	0.027861472664840334	0.02786147266484175	0.027861472664840348	0.0278614726648396	0.027861472664840622	0.027861472664840504	0.02786147266484044	-0.028210802109294403	0.02786147266483907	0.027861472664841094	0.02786147266484066
0.027861472664839806	0.027861472664840237	0.027861472664838096	0.027861472664839217	-0.028210802109293706	0.027861472664839654	-0.02821080210929127	0.02786147266483841	0.027861472664838304	0.02786147266483874	0.02786147266484046	0.02786147266483814	0.02786147266483884	-0.028210802109292107	0.027861472664840806	0.027861472664839213	0.027861472664841454	0.027861472664840188	0.02786147266483902	-0.02821080210929163	0.02786147266484035	-0.02821080210929293	0.027861472664840858	0.027861472664840396	0.027861472664839647	0.027861472664838318	0.02786147266484126	-0.028210802109291604	0.027861472664840813	0.02786147266483904
0.027861472664840077	0.027861472664839463	0.027861472664841527	0.027861472664839848	0.02786147266483972	-0.02821080210929165	0.027861472664839973	0.027861472664840674	0.027861472664839414	0.02786147266484057	0.027861472664838696	-0.028210802109294695	0.027861472664839886	0.027861472664838446	0.027861472664839106	-0.028210802109293723	0.027861472664839546	0.027861472664839834	0.02786147266483863	0.02786147266483948	0.02786147266483975	0.027861472664839175	-0.02821080210929312	0.027861472664840344	0.027861472664841343	0.027861472664840917	0.02786147266484005	-0.028210802109292242	0.027861472664839536	-0.02821080210929242
0.027861472664841153	0.02786147266483969	0.027861472664839126	0.027861472664840042	0.027861472664839505	-0.028210802109293085	0.027861472664838398	0.02786147266484054	0.02786147266484099	-0.02821080210929364	0.027861472664841104	0.02786147266483963	0.027861472664839335	-0.028210802109294417	-0.028210802109293526	0.027861472664838155	0.02786147266484146	0.027861472664840944	0.027861472664838894	0.02786147266484062	0.027861472664839352	0.027861472664841062	0.02786147266483859	-0.02821080210929585	0.027861472664840656	0.027861472664840105	0.02786147266484013	0.027861472664839466	0.027861472664842006	-0.028210802109292485
0.02786147266484128	0.027861472664839862	-0.028210802109293713	0.027861472664840556	0.02786147266483979	0.0278614726648413	0.02786147266483926	0.0278614726648409	0.027861472664838034	0.027861472664838047	0.02786147266484062	0.02786147266483924	-0.028210802109294403	0.02786147266484277	0.027861472664839296	-0.02821080210929314	0.027861472664839335	0.027861472664839446	0.02786147266484147	0.027861472664841066	0.027861472664840268	0.02786147266483906	-0.028210802109295028	0.02786147266484046	-0.028210802109294584	0.027861472664839692	0.027861472664839848	-0.028210802109294136	0.027861472664840584	0.027861472664840806
0.031397535194563786	-0.03184186895282434	0.03139753519456442	-0.03184186895282321	0.03139753519456513	0.031397535194565486	0.031397535194563383	0.03139753519456316	0.031397535194565625	0.031397535194566804	0.031397535194565306	0.03139753519456509	-0.03184186895282459	0.031397535194565555	-0.03184186895282506	-0.03184186895282376	0.03139753519456336	0.031397535194564063	0.031397535194564445	0.03139753519456534	0.03139753519456403	0.031397535194564695	0.031397535194565084	0.03139753519456511	-0.03184186895282262	0.03139753519456504	0.03139753519456423	0.031397535194564063	0.03139753519456467	-0.031841868952825
0.031397535194564175	-0.031841868952824	0.031397535194565084	0.03139753519456477	0.031397535194564265	0.031397535194563876	0.031397535194564154	0.03139753519456243	-0.03184186895282263	0.0313975351945635	0.03139753519456506	0.031397535194564494	0.03139753519456455	0.03139753519456515	-0.0318418689528229	-0.0318418689528222	0.03139753519456445	0.03139753519456395	0.03139753519456476	0.031397535194564244	0.03139753519456538	0.03139753519456453	0.0313975351945645	-0.031841868952823274	0.031397535194563946	0.03139753519456503	0.031397535194564744	-0.03184186895282264	0.031397535194564744	-0.03184186895282468
0.031397535194565486	0.03139753519456509	-0.0318418689528236	0.031397535194564674	0.03139753519456447	0.03139753519457218	0.03139753519456252	0.031397535194565104	0.03139753519456311	0.03139753519456252	0.03139753519456504	0.031397535194564584	0.03139753519456278	0.03139753519456483	0.03139753519456467	-0.03184186895282405	0.0313975351945649	0.0313975351945648	-0.0318418689528235	0.03139753519456407	-0.03184186895282387	0.03139753519456324	0.0313975351945644	0.03139753519456373	-0.031841868952823184	0.031397535194565465	0.03139753519456209	-0.03184186895282394	0.03139753519456501	-0.031841868952823205
0.03597789950057485	0.035977899500574936	0.035977899500575936	-0.036562536921965934	-0.036562536921967294	0.035977899500576574	-0.03656253692196742	-0.03656253692196675	0.03597789950057626	0.03597789950057659	0.035977899500573764	0.035977899500575235	-0.03656253692196595	0.035977899500574846	0.03597789950057646	0.035977899500576706	0.035977899500575686	0.035977899500576234	-0.03656253692196746	0.0359778995005757	0.03597789950057465	0.03597789950057366	-0.036562536921966336	0.03597789950057517	0.03597789950057465	-0.036562536921966995	0.035977899500575145	0.035977899500576234	0.03597789950057481	0.03597789950057544
0.03597789950057544	0.035977899500576	0.03597789950057618	-0.03656253692196507	0.03597789950057676	-0.03656253692196577	0.035977899500574874	0.03597789950057544	0.03597789950057524	0.03597789950057687	0.035977899500574624	0.03597789950057364	0.03597789950057502	-0.03656253692196698	0.03597789950057459	0.03597789950057403	0.0359778995005762	-0.03656253692196557	-0.0365625369219675	-0.0365625369219651	-0.036562536921965115	0.03597789950057356	0.0359778995005744	0.03597789950057336	0.035977899500575845	0.035977899500574916	-0.036562536921968154	0.03597789950057678	0.03597789950057628	0.035977899500574666
0.04215719648388253	0.04215719648388354	0.04215719648388268	0.042157196483883067	-0.042962150530905525	0.042157196483883545	-0.04296215053090486	-0.04296215053090637	0.04215719648388376	0.0421571964838822	0.042157196483883	-0.042962150530906316	0.042157196483883115	0.04215719648388341	-0.042962150530904436	-0.04296215053090516	0.042157196483881804	0.042157196483883635	-0.042962150530906	0.042157196483883524	0.04215719648388273	0.04215719648388311	0.042157196483883094	0.042157196483882185	-0.04296215053090546	0.042157196483882435	0.04215719648388313	0.04215719648388334	0.04215719648388311	-0.042962150530904776
0.04215719648388316	-0.04296215053090569	0.04215719648388274	0.042157196483882525	0.042157196483882185	0.042157196483882525	0.04215719648388439	0.04215719648388379	0.04215719648388188	-0.042962150530905296	0.04215719648388254	0.04215719648388233	0.04215719648388192	-0.04296215053090461	0.042157196483883504	0.042157196483884184	0.042157196483881935	-0.04296215053090522	-0.04296215053090561	-0.04296215053090387	0.04215719648388301	0.04215719648388344	0.04215719648388262	-0.04296215053090621	0.042157196483883635	0.04215719648388293	0.042157196483883046	-0.04296215053090566	-0.04296215053090467	0.04215719648388256
0.04215719648388394	-0.04296215053090654	0.0421571964838839	0.04215719648388258	-0.04296215053090517	0.04215719648388257	0.04215719648388388	0.042157196483882386	0.0421571964838828	0.04215719648388289	-0.04296215053090403	0.04215719648388256	-0.04296215053090486	-0.04296215053090599	0.042157196483883656	0.042157196483883295	0.042157196483882074	-0.04296215053090452	0.042157196483882824	-0.04296215053090512	0.04215719648388364	0.042157196483882796	0.04215719648388255	0.0421571964838817	-0.04296215053090568	-0.0429621505309046	0.04215719648388186	0.04215719648388417	0.04215719648388228	0.042157196483882116
0.05098254468772628	0.05098254468772734	-0.05216451927070498	-0.05216451927070524	0.05098254468772731	-0.05216451927070387	-0.05216451927070401	0.05098254468772714	-0.05216451927070342	0.05098254468772573	0.050982544687726734	0.050982544687727345	-0.052164519270704375	0.05098254468772592	0.050982544687726575	-0.052164519270704965	0.05098254468772777	0.050982544687725916	0.05098254468772698	0.05098254468772676	0.05098254468772669	0.05098254468772691	0.05098254468772734	-0.052164519270704264	0.050982544687726526	-0.0521645192707051	0.0509825446877267	0.05098254468772669	0.05098254468772591	-0.05216451927070516
0.050982544687726325	0.05098254468772786	-0.05216451927070562	-0.05216451927070398	0.05098254468772794	0.05098254468772809	0.05098254468772746	0.050982544687727276	0.05098254468772693	0.050982544687727324	-0.052164519270705374	0.05098254468772689	0.050982544687726096	0.05098254468772772	0.0509825446877275	0.05098254468772607	0.05098254468772753	0.050982544687726665	0.05098254468772713	0.050982544687726894	0.05098254468772646	-0.05216451927070622	-0.052164519270705555	-0.05216451927070457	-0.05216451927070571	-0.052164519270703716	-0.05216451927070666	0.050982544687726505	0.050982544687727886	-0.0521645192707062
0.05098254468772713	0.05098254468772781	0.05098254468772631	0.050982544687726596	-0.052164519270706325	0.050982544687726325	-0.05216451927070492	0.05098254468772718	-0.052164519270705	0.05098254468772656	-0.05216451927070479	0.05098254468772787	0.050982544687726714	-0.052164519270705506	-0.05216451927070557	0.05098254468772737	-0.05216451927070532	0.05098254468772778	0.050982544687727165	0.05098254468772755	-0.0521645192707048	0.05098254468772674	0.0509825446877274	-0.05216451927070541	0.05098254468772636	-0.052164519270704625	0.05098254468772715	0.050982544687726526	0.05098254468772652	0.05098254468772837
0.050982544687727255	0.05098254468772694	-0.0521645192707054	-0.05216451927070605	0.05098254468772742	0.050982544687727976	-0.05216451927070487	-0.052164519270706526	0.050982544687727234	-0.052164519270706755	0.0509825446877273	0.0509825446877281	0.05098254468772756	0.05098254468772776	0.05098254468772601	0.050982544687728386	0.050982544687726346	0.05098254468772792	0.05098254468772754	0.05098254468772693	-0.05216451927070597	-0.05216451927070523	-0.05216451927070582	-0.0521645192707056	0.050982544687727616	-0.05216451927070577	0.050982544687727754	0.05098254468772772	0.050982544687726346	0.050982544687727026
0.05098254468772731	-0.05216451927070481	0.05098254468772778	0.05098254468772674	-0.05216451927070351	-0.05216451927070367	-0.05216451927070434	-0.05216451927070388	0.0509825446877273	0.050982544687726145	0.0509825446877269	0.05098254468772692	0.050982544687726575	0.05098254468772675	0.05098254468772572	0.050982544687725985	0.05098254468772633	0.050982544687726554	0.050982544687727345	-0.05216451927070453	-0.052164519270705034	-0.052164519270704736	0.05098254468772635	0.05098254468772612	-0.05216451927070535	-0.052164519270704424	0.050982544687726096	0.050982544687727796	0.05098254468772637	0.05098254468772638
0.0647321295671362	-0.06664958368630872	-0.06664958368630841	-0.066649583686309	0.0647321295671359	0.0647321295671368	0.06473212956713609	0.06473212956713627	0.06473212956713578	0.06473212956713632	-0.06664958368630813	-0.0666495836863088	-0.066649583686309	-0.06664958368630926	-0.06664958368630859	0.06473212956713642	0.06473212956713607	0.06473212956713634	0.06473212956713653	0.06473212956713628	0.06473212956713618	0.06473212956713693	0.06473212956713713	-0.06664958368630855	0.06473212956713735	0.06473212956713607	0.06473212956713713	0.0647321295671361	-0.06664958368630972	-0.06664958368630935
0.08974101132872583	-0.09346884192575643	-0.09346884192575564	-0.09346884192575607	0.08974101132872556	0.0897410113287248	-0.09346884192575683	0.08974101132872592	-0.09346884192575627	-0.09346884192575598	0.08974101132872589	0.08974101132872576	0.08974101132872596	-0.09346884192575611	0.08974101132872522	0.08974101132872504	0.08974101132872521	0.08974101132872556	0.0897410113287259	0.08974101132872585	0.08974101132872597	-0.09346884192575576	-0.09346884192575593	-0.09346884192575616	0.08974101132872539	0.0897410113287256	-0.09346884192575644	0.08974101132872594	0.08974101132872567	-0.09346884192575614
0.15935310022295177	-0.17149741701223287	0.15935310022295193	0.15935310022295185	0.15935310022295177	-0.17149741701223292	-0.17149741701223253	-0.17149741701223215	0.1593531002229518	0.15935310022295193	0.15935310022295174	-0.1714974170122325	-0.1714974170122329	0.1593531002229522	0.15935310022295204	0.15935310022295182	-0.1714974170122324	-0.1714974170122327	0.15935310022295193	0.1593531002229521	-0.17149741701223262	-0.17149741701223303	0.159353100222952	0.15935310022295185	-0.17149741701223276	0.15935310022295193	0.15935310022295213	-0.1714974170122329	-0.17149741701223262	0.15935310022295174
0.46093203689879053	-0.5794695216272753	-0.5794695216272753	0.46093203689879036	0.46093203689879053	0.4609320368987905	-0.5794695216272753	0.46093203689879064	-0.5794695216272752	-0.5794695216272753	0.4609320368987903	0.4609320368987904	-0.5794695216272752	0.46093203689879053	0.4609320368987903	-0.5794695216272753	-0.5794695216272753	0.4609320368987905	-0.5794695216272753	-0.5794695216272752	-0.5794695216272753	0.4609320368987905	0.4609320368987905	0.46093203689879053	0.4609320368987905	-0.5794695216272753	-0.5794695216272753	0.4609320368987905	0.4609320368987904	0.4609320368987905
0.46093203689879086	-0.5794695216272758	0.4609320368987909	-0.5794695216272757	-0.5794695216272759	0.46093203689879075	0.4609320368987909	0.4609320368987908	-0.5794695216272759	-0.5794695216272759	-0.5794695216272759	-0.5794695216272759	-0.5794695216272758	0.4609320368987909	-0.5794695216272759	0.46093203689879086	-0.5794695216272759	-0.5794695216272758	0.4609320368987909	0.460932036898791	0.460932036898791	0.4609320368987908	-0.5794695216272759	-0.5794695216272759	0.4609320368987908	0.46093203689879086	0.4609320368987909	0.460932036898791	0.460932036898791	0.460932036898791
0.4609320368987909	0.4609320368987909	-0.5794695216272759	-0.5794695216272759	0.460932036898791	-0.5794695216272759	0.4609320368987908	-0.5794695216272758	-0.5794695216272759	-0.5794695216272758	0.4609320368987908	0.4609320368987909	0.4609320368987909	0.46093203689879086	0.4609320368987908	-0.5794695216272759	-0.5794695216272758	0.4609320368987909	0.460932036898791	0.4609320368987908	0.46093203689879103	0.4609320368987909	0.4609320368987908	-0.5794695216272758	-0.5794695216272759	0.4609320368987909	-0.5794695216272758	-0.5794695216272758	-0.5794695216272758	0.460932036898791
0.460932036898791	0.460932036898791	0.460932036898791	0.460932036898791	-0.5794695216272759	0.460932036898791	-0.5794695216272759	-0.5794695216272759	0.46093203689879103	-0.5794695216272759	-0.5794695216272759	0.460932036898791	0.460932036898791	0.4609320368987908	-0.5794695216272759	-0.5794695216272759	0.46093203689879103	0.460932036898791	0.4609320368987909	0.46093203689879086	-0.5794695216272759	-0.5794695216272759	0.4609320368987909	-0.5794695216272759	0.46093203689879103	-0.5794695216272759	-0.5794695216272759	0.46093203689879086	0.46093203689879103	-0.5794695216272759
0.4609320368987913	0.46093203689879136	0.4609320368987914	0.4609320368987914	0.46093203689879136	-0.5794695216272766	-0.5794695216272766	-0.5794695216272766	0.46093203689879136	0.4609320368987914	0.4609320368987914	0.46093203689879136	-0.5794695216272764	-0.5794695216272766	-0.5794695216272766	-0.5794695216272766	-0.5794695216272764	-0.5794695216272766	-0.5794695216272766	0.46093203689879136	-0.5794695216272766	-0.5794695216272764	0.4609320368987914	0.4609320368987913	0.46093203689879136	0.4609320368987914	0.46093203689879136	-0.5794695216272765	0.4609320368987912	0.4609320368987914
0.46093203689879153	-0.5794695216272767	-0.5794695216272767	-0.5794695216272769	0.46093203689879153	-0.5794695216272768	-0.5794695216272768	-0.5794695216272767	-0.5794695216272768	0.46093203689879136	0.46093203689879153	0.4609320368987916	-0.5794695216272768	0.4609320368987914	0.4609320368987915	-0.5794695216272767	-0.5794695216272767	-0.5794695216272768	-0.5794695216272767	0.46093203689879153	0.4609320368987914	0.46093203689879153	0.46093203689879153	0.4609320368987915	0.46093203689879153	0.4609320368987915	-0.5794695216272767	0.46093203689879153	0.4609320368987915	0.4609320368987915
0.7689335850956254	-1.1650063711283551	-1.1650063711283551	-1.1650063711283551	0.7689335850956254	0.7689335850956255	-1.1650063711283551	0.7689335850956255	0.7689335850956254	0.7689335850956254	0.7689335850956254	-1.1650063711283551	0.7689335850956254	0.7689335850956254	-1.1650063711283551	0.7689335850956255	0.7689335850956255	-1.1650063711283551	-1.1650063711283551	0.7689335850956254	0.7689335850956254	-1.1650063711283551	0.7689335850956254	0.7689335850956254	-1.1650063711283551	0.7689335850956254	-1.1650063711283551	-1.1650063711283551	0.7689335850956253	0.7689335850956255
0.7689335850956255	-1.1650063711283554	0.7689335850956255	0.7689335850956256	0.7689335850956255	-1.1650063711283554	0.7689335850956256	0.7689335850956255	-1.1650063711283554	0.7689335850956255	-1.1650063711283556	0.7689335850956256	0.7689335850956254	-1.1650063711283556	0.7689335850956256	0.7689335850956255	0.7689335850956256	-1.1650063711283554	-1.1650063711283554	-1.1650063711283554	0.7689335850956255	0.7689335850956255	0.7689335850956256	-1.1650063711283554	0.7689335850956256	-1.1650063711283554	-1.1650063711283554	0.7689335850956256	0.7689335850956256	-1.1650063711283554
0.7689335850956255	0.7689335850956254	-1.1650063711283551	0.7689335850956254	0.7689335850956254	0.7689335850956254	-1.1650063711283551	-1.1650063711283551	0.7689335850956255	0.7689335850956255	-1.1650063711283551	0.7689335850956255	-1.1650063711283554	0.7689335850956254	-1.1650063711283551	0.7689335850956254	0.7689335850956255	-1.1650063711283554	-1.1650063711283551	0.7689335850956253	0.7689335850956255	0.7689335850956254	-1.1650063711283551	0.7689335850956254	0.7689335850956255	-1.1650063711283551	-1.1650063711283551	0.7689335850956254	0.7689335850956254	-1.1650063711283551
0.7689335850956257	-1.1650063711283558	-1.1650063711283558	0.7689335850956258	0.7689335850956256	0.7689335850956258	-1.1650063711283558	-1.1650063711283558	0.7689335850956257	0.7689335850956257	0.7689335850956256	0.7689335850956258	0.7689335850956257	-1.1650063711283558	-1.1650063711283558	0.7689335850956258	0.7689335850956258	0.7689335850956258	0.7689335850956257	-1.1650063711283558	-1.1650063711283558	0.7689335850956257	-1.1650063711283558	-1.1650063711283558	-1.1650063711283558	0.7689335850956257	0.7689335850956258	-1.1650063711283558	0.7689335850956257	0.7689335850956259
0.7689335850956259	-1.1650063711283563	0.7689335850956259	-1.1650063711283563	0.7689335850956261	0.7689335850956259	0.7689335850956261	0.7689335850956259	0.768933585095626	-1.1650063711283563	0.7689335850956259	0.7689335850956259	0.7689335850956259	-1.1650063711283563	-1.1650063711283563	0.768933585095626	0.7689335850956259	0.7689335850956259	-1.1650063711283563	0.768933585095626	-1.1650063711283563	-1.1650063711283563	-1.1650063711283563	0.768933585095626	-1.1650063711283563	0.7689335850956259	0.768933585095626	0.768933585095626	-1.1650063711283563	-1.1650063711283563
0.7689335850956264	-1.1650063711283567	-1.165006371128357	0.7689335850956261	0.7689335850956263	0.7689335850956264	0.7689335850956264	0.7689335850956261	-1.1650063711283567	0.7689335850956261	-1.165006371128357	0.7689335850956264	-1.165006371128357	-1.165006371128357	0.7689335850956263	0.7689335850956264	-1.1650063711283567	0.7689335850956261	-1.1650063711283567	-1.1650063711283567	0.7689335850956263	-1.165006371128357	-1.1650063711283567	0.7689335850956263	0.7689335850956263	0.7689335850956264	0.7689335850956263	0.7689335850956261	-1.1650063711283567	0.7689335850956264
1.0073937747685897	-1.8074242164806131	-1.8074242164806131	1.0073937747685897	1.00739377476859	1.0073937747685897	1.00739377476859	1.00739377476859	1.0073937747685897	-1.8074242164806131	1.0073937747685897	-1.8074242164806131	1.0073937747685897	-1.8074242164806131	1.00739377476859	1.00739377476859	1.00739377476859	1.00739377476859	1.0073937747685897	1.0073937747685897	-1.8074242164806131	1.0073937747685897	-1.8074242164806131	-1.8074242164806131	-1.8074242164806131	1.0073937747685897	-1.8074242164806131	1.00739377476859	1.0073937747685897	-1.8074242164806131
1.00739377476859	1.00739377476859	-1.8074242164806131	1.00739377476859	1.00739377476859	1.00739377476859	-1.8074242164806131	1.00739377476859	1.00739377476859	-1.8074242164806131	-1.8074242164806131	-1.8074242164806131	1.00739377476859	1.00739377476859	-1.8074242164806131	1.00739377476859	1.00739377476859	1.00739377476859	-1.8074242164806131	-1.8074242164806131	-1.8074242164806131	1.00739377476859	-1.8074242164806131	1.00739377476859	-1.8074242164806131	1.00739377476859	1.00739377476859	1.0073937747685897	1.00739377476859	1.0073937747685897
