-6.4155645988130905e-9	2.371244476625472e-8	1.637229158707506e-8	2.3376325014207973e-8	1.480392244961101e-8	-3.872303920509548e-9	2.0825023254823344e-8	1.5748938587336422e-8	-5.678167361195169e-9	2.4875633429629576e-8	-3.944244743537994e-9	2.6561455932982e-9	1.5586872160847048e-8	2.428225728780799e-8	1.7557821389212034e-9	-1.350484303850794e-9	6.419391076398075e-9	2.525297055306897e-9	-1.145358169495688e-9	-1.5435401656543644e-9	1.2612936017708742e-9	1.0223027384268747e-10	-4.731694139940405e-10	2.0200880791102738e-8	1.197431845315578e-8	2.2061840091725173e-8	4.2743405399223065e-9	-4.094698329325552e-9	2.7583221507584167e-8	-6.736766194365821e-9
-6.326193899219282e-9	-4.5213513783923375e-9	-4.029890156961775e-9	5.6440976500020395e-9	1.3498036161798655e-8	-2.990886895917715e-9	8.247382639959399e-10	1.05805801526497e-9	2.016479243086604e-8	1.4406358065630725e-8	2.466347488441932e-8	1.255471249631475e-8	1.1000438050836489e-8	2.215461539913379e-8	1.9282639675581755e-8	-1.098437678777227e-9	2.3581198276081828e-8	5.617470278244668e-10	0	-9.182322596068779e-10	1.8637163785330778e-9	-1.4865680262907692e-9	2.779411005199477e-8	-1.1996499396911504e-9	2.0097883470178478e-8	6.900277840228496e-9	2.3820949627851716e-8	-2.623069134782369e-9	-1.067653943959324e-9	1.895597031423893e-8
-5.231490708880542e-9	2.3986297127330995e-8	-5.81414783973616e-9	2.367821428881384e-9	2.516597399830354e-8	1.1982683653539234e-8	8.308599688823347e-9	1.3372791684092539e-8	-1.8089825924135793e-9	1.507747161121774e-8	2.3555413037446973e-8	-4.2706389588717095e-9	-4.421701265580809e-9	1.9789141203320394e-8	2.729603734363337e-9	0	-7.199081492152573e-9	2.3302401495102055e-8	1.9926137892171455e-8	2.370358583553116e-8	5.716756378524119e-9	1.894268096943525e-8	7.358835207822336e-9	4.054685036676022e-10	1.0692815941609603e-9	1.238165128857562e-8	7.2301305268914625e-9	-1.3757552132660236e-9	-4.953540528147558e-10	1.6379488503479624e-9
-4.735305397115538e-9	1.1070397576305397e-8	-2.4829361563733465e-9	-1.762982813946077e-9	8.50303184118351e-9	-6.4327443489278275e-9	2.3568648530997994e-8	4.229707174280655e-9	8.193745249101e-9	1.1349451477825858e-8	2.0451998752496092e-8	3.5045743483571723e-9	1.2782854081309302e-8	-1.1613778016462516e-9	7.734879237381143e-9	1.6946836586415792e-8	1.2175888156163843e-8	1.984382385102258e-8	1.7786218119696765e-8	7.900416436214942e-9	4.132643574488782e-9	2.573795205099016e-8	1.6096806801724804e-8	-3.6113141647576434e-9	-2.239189651227874e-9	1.3042076590869885e-8	2.5194946793977236e-8	4.6533604504727745e-9	1.5439723942325152e-8	-5.01793563543588e-9
-4.545950443985135e-9	2.5248418687237865e-8	8.864283307926664e-9	-5.4466777513506575e-9	2.388911246923351e-8	-5.171465633021007e-9	-1.40145422587488e-9	1.3042169318969754e-8	2.498532491578212e-8	-6.884559660176548e-9	1.7075410688106558e-8	-1.679637089403347e-9	2.8242911189949387e-9	-3.5453739461191653e-9	8.822496100956522e-9	4.547684670628377e-9	2.2276935743318363e-8	1.0516848203688897e-8	1.3258134087327222e-9	-4.926087006131406e-10	1.770603382048646e-8	2.3322261078829527e-8	9.966485069032036e-9	1.7539132347986385e-8	4.968936362212185e-9	-2.984119635237318e-9	2.389700992151176e-8	-5.778284019085466e-9	-3.3674733851462474e-9	1.851908014328481e-8
-4.2319650544798165e-9	1.3409213119334132e-8	1.2579721415107234e-8	1.359413911359987e-8	-3.2660445506030463e-9	-2.5726090415646813e-9	1.222895360170059e-8	-3.271954369304266e-9	-3.559592464436674e-9	1.2202053987693809e-8	-2.9997598724813053e-9	2.6290899859658664e-9	-2.926797172572685e-9	9.677443011422545e-10	5.002223993817101e-10	3.2011378880986e-9	-2.8313446539120793e-9	1.8988196091407118e-8	7.500790951231388e-9	-8.373385713008602e-10	-2.4284972272634027e-9	1.0579534780448546e-8	-2.4817489810607413e-9	1.1787066268022848e-9	-3.325049286656249e-9	8.286863444358764e-9	-7.621179486893135e-10	1.0438405224115813e-8	-3.833152978776824e-9	6.569501263782814e-10
-3.298391938681079e-9	9.255014016400553e-9	-1.915435960884036e-9	-4.569943833254906e-9	1.55716362279568e-8	-3.93823326497373e-9	4.814184847130003e-10	1.911120338834361e-9	4.095197484002641e-10	-2.3826862205494012e-9	1.6716051593683194e-8	1.4173041295391848e-8	9.543666828170378e-9	1.0636514829992537e-8	-3.1239348902822626e-9	7.921972516422625e-10	-2.0002144287622377e-9	-1.1643675978670751e-9	5.231747463050455e-9	2.0153123009662037e-8	-1.1583262262886693e-9	2.3116487862675303e-8	9.857289708653313e-9	2.0901629829846647e-8	2.238097170676344e-8	3.774081423923145e-9	-1.7550459086833117e-9	2.7966328804696552e-8	3.2207676102741146e-9	2.138380587268451e-8
-3.1833467214026035e-9	2.646960050515643e-8	-6.6116553045502e-9	1.237891887578902e-9	-2.52979265383077e-9	2.0511584096649765e-9	2.7125205460252047e-8	5.930346506715218e-9	7.870764731944963e-9	4.708540840196213e-9	1.2449021346478269e-8	2.3265583270146184e-8	-7.272819332438723e-9	2.43978508244528e-8	-5.0785412218402214e-9	1.7206833478933994e-8	2.5062187813594412e-8	-3.52923902902722e-9	2.3704523823994584e-8	-1.3591497701837042e-9	1.3566669761218117e-8	-3.316200551598132e-9	-8.379382845411718e-10	-5.123182446052947e-10	-3.961302506543818e-9	1.6557579671381763e-8	2.5998752201344302e-9	2.1654302086863236e-8	-1.4058458852596237e-9	2.539409777401966e-8
-2.9024033957765693e-9	-6.862867427150773e-10	-5.975246458867118e-10	1.7695478505678563e-9	-3.812142005505087e-9	1.466871065906487e-8	-6.8480613120388876e-9	2.2445511805667628e-8	1.0550070250023674e-8	2.4114407114234414e-8	4.2473715314302685e-9	-5.117170266519013e-9	2.7798392734220203e-8	-2.0469718933261044e-9	4.171355046025349e-9	2.5633252575552508e-8	-2.5018054548379865e-9	2.048370545234126e-8	1.6247908872183848e-8	1.546876038367691e-8	1.9900969029525644e-8	2.2833367845667594e-8	1.9530281618294635e-8	-3.974422383987378e-9	-9.528402329940094e-10	6.709873274665244e-9	-7.8717465472812e-10	-3.0516339909204716e-9	2.3501127453614047e-9	-3.3677978236431616e-9
-2.606396741989497e-9	-1.0155920477744534e-9	1.5693518123467288e-8	-4.162081797018872e-9	-1.0586664960081278e-9	7.056653736801e-9	2.4496252061526393e-8	1.7654490473394605e-8	-2.8075268729388884e-10	2.247316076058012e-8	1.3353746400742115e-8	2.2763037607747674e-8	5.626047816833499e-10	-1.977539758841343e-9	1.6938707707777302e-8	-5.905008182470912e-9	1.1407398331935955e-8	1.1644461168594625e-8	-3.569956582857103e-10	2.443013611102506e-8	-3.851160184257716e-9	1.7504001978190284e-8	-3.7733991185526205e-9	2.1293732378189172e-8	2.152535762833933e-8	-6.172047410486518e-9	1.4242639318452626e-8	-6.6320638888659785e-9	2.560601457280172e-8	2.5482144417115374e-9
-2.5913759021087234e-9	1.0590696177863718e-8	-2.8682721300394055e-9	-1.0953508222668284e-9	0	3.944838819118137e-9	2.6040462556516285e-8	2.0261708046571146e-9	-4.993100861761567e-10	2.2112809789340637e-9	2.2926140706132502e-8	-5.0274961356534525e-9	-2.7493081025277995e-9	1.5666009109781534e-8	9.130259325940385e-9	8.817093867027602e-9	-6.48782783559952e-9	2.089213771824072e-8	-1.8953352919253668e-9	-2.0518133922137324e-9	2.2128419870915964e-8	1.4444920244793244e-8	1.830438400682731e-8	-1.564589629163513e-9	1.7399284432512085e-9	-5.6873520809164474e-9	2.0014713491284968e-8	-8.704422093317133e-10	2.1841855096192477e-8	-6.183830013852646e-9
-2.3412802886858865e-9	2.6806979256437643e-8	1.3374934695080559e-9	2.140685141596042e-8	-5.320103534345203e-9	-1.0149404057940056e-10	5.157264283075779e-9	-2.985007000989792e-9	1.088919612470064e-8	3.1231404858095757e-9	-3.15266616019209e-9	3.3696526296597014e-9	-1.972558165365843e-9	1.9662245727833637e-8	-4.329754177353202e-9	1.024410666078999e-9	2.0047880438771825e-9	2.49500349889143e-8	-6.4480805305708055e-9	4.854617487921386e-9	-2.3509235674776723e-9	-1.9960289018351406e-9	-5.356834922952814e-10	-1.977004102376734e-9	-1.8439997918145356e-9	2.1299530718888424e-9	8.04606216956414e-9	1.3713298691086425e-8	-2.8300900206726857e-10	2.62660347469407e-9
-2.175024894892669e-9	1.629987552651044e-9	-3.4654395698617987e-9	1.234478215677081e-8	1.3764216177585648e-8	1.496078495821497e-8	1.4264145274324095e-8	5.012795115798128e-9	9.774625733160964e-9	-3.251913129538823e-9	3.565529138670641e-9	4.986747468002463e-9	-3.8348059541946765e-10	1.50600917138064e-8	-4.455694125409098e-9	8.47281398220476e-9	-2.8867013127336237e-9	9.393690606140428e-10	-1.1907235721029973e-9	2.1745174411693098e-9	-6.081685697013529e-10	1.6871774417848425e-8	1.0166466661365168e-8	1.59448059295344e-8	-3.98419687014073e-9	1.1482543776801493e-8	7.372554224735638e-9	9.129911677705558e-9	1.2374570847957527e-9	-2.7936063218754194e-9
-2.1435169165159248e-9	1.6904713434859869e-9	-2.6281323226661124e-9	1.0241194445894582e-8	5.1382602756292074e-9	-4.729400512670254e-9	2.0046027760134955e-8	-6.8270525083612805e-9	2.5603128930557538e-8	5.025527983922074e-9	-3.3075801204802515e-9	2.4845460068692714e-8	1.6983671762494466e-8	2.0715280121857896e-8	1.7223676119678137e-8	5.620289088361476e-9	1.648393771554345e-8	5.915821567821022e-10	4.555381961865068e-9	3.2729867794724676e-9	2.592310842820267e-8	1.2594008657760113e-8	2.550223559940025e-9	-1.7678221176099333e-9	-4.425556260987742e-10	-2.8171224003639717e-9	2.208882456422675e-8	-5.052693079140817e-9	1.3940282662523696e-8	-2.9528979687626534e-10
-1.9960664374439805e-9	3.7217579974194024e-9	2.2397078178324477e-8	4.486440352590323e-9	-9.851375704730843e-10	-1.5214779805262886e-9	7.314970339685338e-9	1.6436129991824713e-8	-2.0719703157987472e-10	1.834220765582366e-8	2.9037460952962528e-9	-4.920637669139713e-9	1.877768442554279e-8	-4.031022250781813e-9	3.7122776430927296e-9	7.806585518603021e-9	1.4727476674486654e-8	-1.2057991220843573e-9	-2.3233037426294626e-9	2.6634620472675273e-8	-3.971320911248094e-9	-2.774927725979074e-9	2.585219457131362e-8	-7.899256041184815e-9	2.3356815252940283e-8	9.835847679099269e-9	1.4466793043718327e-8	2.1027614673747113e-8	-1.7389700294414783e-9	-3.016345211133001e-10
-1.9401150189686855e-9	7.665691340462926e-9	-8.540931189060141e-10	-6.1773594407042056e-9	2.3489927886917155e-8	-7.299935547830524e-9	1.993103813797671e-8	2.871857948069206e-9	-5.71503186140792e-9	2.1601053105499584e-8	-1.5524482580340544e-9	3.179977923803145e-9	-3.551991986747874e-9	2.0543665998780227e-8	-3.4039356092870892e-9	9.508488485225244e-9	1.7192274268938156e-8	8.913143734105973e-9	1.3425431950598608e-8	1.2442812358095337e-8	-2.03978095591308e-9	0	1.3892247472425907e-8	-2.2188404097315693e-9	-1.3781499863761552e-9	9.816526631631995e-9	-3.475069746036978e-9	-6.294017455477344e-10	2.979591473863087e-9	-1.9687550327273155e-9
-1.6050955950443531e-9	2.5466039735334954e-8	1.1501080999130445e-8	5.763367503022781e-9	-3.107943503409005e-9	2.311114803435999e-8	-2.209402741126226e-10	1.3499372364477647e-8	2.4511651312457827e-8	-5.3836340384062436e-9	-2.1963353033378364e-9	1.2008653044720677e-8	-1.998348948340775e-9	-2.5380449539020835e-9	1.5555932111642405e-8	-2.9334685969118235e-9	1.2202951059068697e-8	4.177090847109341e-9	-6.615062938828081e-10	-1.3323853321182585e-9	1.8451829906618304e-9	-7.0327629044433145e-9	2.4631423082032024e-8	1.576930889122293e-8	8.534789747301985e-9	4.55240286942298e-10	0	-8.818503234807264e-10	1.237646615025546e-9	1.0026572237315989e-8
-1.5903425329767042e-9	5.8597773363555336e-9	-3.6186021568894018e-9	1.2363774421662381e-8	-2.574422563627267e-9	1.5724592024288848e-8	-3.2420931522162237e-9	4.567680146649126e-9	-3.532161070738222e-9	1.8095217141681322e-8	0	8.477613361712796e-9	-1.8468987871564464e-9	7.778877715089533e-9	-4.142982659391356e-9	1.3590799638736924e-9	-3.791022091224906e-9	1.8835443408323437e-8	-3.284342002204316e-9	-1.1434581335634013e-9	9.29838556412523e-9	-2.473597681604521e-9	1.6644987619304917e-8	1.1780209717471132e-8	-1.2477585867546468e-9	4.644914278159282e-10	2.302857398869133e-9	-3.959660342134014e-9	2.067270181021661e-8	-4.475830825961151e-9
-9.411515408200762e-10	1.8464440950554658e-9	8.00348483513338e-10	-2.4531510933283072e-9	2.3917187398830282e-8	2.0127755949372138e-8	-3.0647695257626645e-10	2.2042864410942078e-8	2.2281825073229646e-8	-2.9753788878286537e-9	-1.1520455360872903e-9	1.8763357740113353e-8	-3.437504460127169e-9	1.5081527328432724e-8	3.18550019201835e-9	-8.630273539097441e-10	2.2786618423305183e-8	2.1998534418489083e-8	1.8978117511626416e-8	2.1240567173125907e-8	1.9649912483554457e-9	2.604191145199815e-8	1.695708581267725e-8	2.3097532030619377e-8	-2.111338529907042e-9	-1.3987499707718278e-9	-2.5433405944037913e-9	-2.499571700545582e-10	0	6.569690416565091e-10
-4.957174024830354e-10	0	2.672581797630101e-8	-3.629832519947259e-9	2.824281839550298e-9	-5.1695893363811e-9	2.318245501679798e-8	-6.769313557494106e-9	2.7091812541751574e-8	-7.554092345956503e-9	2.327457438290406e-8	-1.5688652550283978e-9	-9.486605021983483e-10	1.1694420577427967e-9	1.877218568007105e-9	-5.691902497233818e-9	2.2630964128065003e-8	1.1691088435378067e-8	-4.343170690054466e-10	4.110458731237742e-9	-6.538814541608155e-9	2.5779000471260633e-8	-4.027942072772175e-9	9.87962339464999e-10	2.16505932377102e-9	-4.165881219710991e-9	1.605831853467991e-8	0	-3.2578215606088646e-9	1.9488562932438114e-8
-4.050776860895507e-10	9.174331030200437e-10	2.114113702358599e-9	-4.981144092413714e-9	2.367310756016372e-8	-4.91612218500163e-9	1.8757520525449114e-9	-2.9070313630207316e-9	2.3736489266234483e-9	1.9111533346716618e-8	1.1244303853595059e-8	1.136362489628811e-8	1.5764976703073505e-8	7.0316183711392065e-9	2.477526334608564e-8	1.6650672614167717e-8	2.180813851089035e-8	-3.1682216918469205e-9	-1.8253221354027217e-9	1.8391114363642916e-8	1.5110685651493192e-8	2.2050428770092094e-8	-5.12938011503112e-9	4.772901965594679e-10	1.5714165484828063e-9	-5.280858186011085e-9	2.2288513189009164e-8	2.2968365470332624e-9	-2.5137945452287925e-9	-1.4832125691804983e-9
-3.54958338577016e-10	3.845810582892783e-9	1.5180329635488702e-8	-2.567975900827393e-9	6.562090453345455e-10	2.5928108614312664e-9	-2.6443528728820123e-9	1.6987577130914405e-8	-3.6042792555883094e-10	1.725832681813234e-8	1.331172390472507e-8	-1.2097975668772247e-9	1.716816167265501e-8	1.652680769675252e-8	-4.1872937395126236e-9	2.4714444012651305e-8	9.254613747845976e-9	4.12013795188916e-9	1.0193191770624956e-8	-2.3466764972990623e-9	-3.0533343480099974e-9	1.2323459038605546e-8	5.965157299033006e-9	1.7232865210936159e-9	1.3630308695876277e-8	-4.732622910489104e-9	1.507620293078915e-8	1.3316179369329088e-8	2.529311362937015e-8	-3.665294049373721e-9
-2.953039813913437e-10	2.201230207191577e-9	-4.299098181141384e-9	2.573750980391527e-8	-4.390032103261543e-9	-7.486599612252525e-10	8.687299882461314e-9	6.246782740451466e-9	1.6777025717654438e-8	-6.372815152015753e-9	2.33554836023512e-8	-4.540449064033341e-9	-2.504836394639031e-10	1.7569651307771713e-8	-2.8315126222741238e-9	2.7297959614376205e-10	1.578798670767999e-8	2.3699444752678237e-9	9.072475683761736e-9	1.775897399050318e-8	-4.069333022125405e-9	1.8676969155890573e-9	-2.3295874245336207e-9	2.4967326028003272e-8	-6.682129003649063e-9	1.0303363296066524e-9	0	3.386753375001071e-9	-2.6319294565701846e-9	2.766490067345102e-8
-2.4144903884194243e-10	1.637093039520243e-8	3.0926659748224777e-9	-6.850022862876598e-10	-3.00678760704789e-9	1.0700025522849309e-8	2.4951693816145727e-8	1.2954643713380912e-8	-3.321754046820757e-9	-1.5427629585766998e-9	6.713749647886806e-9	1.6214493516185803e-8	-1.4609226746385707e-9	2.0063796970565263e-10	-4.54834756078915e-9	1.7156211402443878e-8	1.4752606852667352e-8	-3.0040128073328688e-9	2.8417085111548147e-9	-5.406983923603799e-9	2.6259842430107933e-8	-5.457147170574386e-9	1.7402432021962686e-8	1.5513973111784102e-9	2.665552632535055e-8	1.1048566973048946e-8	2.36212894922069e-8	-1.6417987746189449e-9	1.0198957618652361e-8	-4.118370070581788e-9
0	5.465369475813738e-10	5.891563633972549e-9	1.625044559520216e-8	-2.6977656259708103e-9	8.116528196275302e-10	1.7671936684744206e-9	-2.089448719590056e-9	1.9293891435838704e-9	-4.137506309802453e-9	1.410221353274625e-8	1.0171883483399551e-8	1.8624394082718443e-8	1.4990071534977595e-8	8.29614499767485e-9	-1.552775419164091e-9	-1.1822851939058322e-9	5.711611673921123e-9	7.144661147548128e-9	8.522649601154604e-9	1.4865963355283252e-8	1.001426189166899e-8	-1.605321408538136e-9	1.4782838457566125e-8	7.800181314643595e-9	2.8324914350034703e-9	9.458809690933038e-9	7.691046772079876e-9	-1.5278842026240924e-9	7.782900233858869e-10
0	2.43980408666906e-8	-6.768852251139292e-9	2.09584459448572e-8	1.1454172632241836e-8	-4.380862160510052e-9	1.5425383603117476e-8	-1.8847714038112664e-9	2.0925710322939573e-9	-3.6136417388934613e-9	2.25140039034328e-8	-5.2743796878326844e-9	2.1385715117238173e-8	5.918122118141564e-9	6.523220133346806e-9	9.46284224033838e-9	2.545416963094607e-8	-5.2439139782224715e-9	1.799092746840993e-9	3.696872561229337e-10	4.082074101557811e-9	4.641795992822507e-9	4.85012459095604e-9	1.934453149449573e-8	7.3746420130022385e-9	-1.0638816792856976e-10	-5.900817182806527e-9	2.3022525450874236e-8	-7.1594556609231295e-9	2.625272966306927e-8
0	2.510205885216984e-8	8.789550651950612e-9	2.591249679388208e-9	2.3748470329674633e-8	-7.054161055483965e-9	1.136076122721751e-8	-4.37862206216569e-9	1.8362529285346741e-9	-1.8254586932001453e-9	2.2166706774016915e-8	-1.386159072847027e-9	-1.0757445635615497e-9	8.182586116997562e-9	1.1361443697366355e-8	1.7720875838898903e-8	2.1597584457347585e-9	4.064555449538108e-9	-3.6853282932568832e-9	2.5794860032962594e-8	-6.917111165825126e-9	2.023152959890828e-9	-3.3174073293136547e-9	1.5187934938406625e-8	2.917244644863632e-9	-2.8155215975037773e-9	1.2076077389927666e-8	9.265426137719686e-9	2.6359299263636974e-8	-8.009530026305402e-9
3.161491899995153e-10	1.6058496244645036e-9	-2.6563129752712065e-9	8.286241576630997e-10	2.6697498543007588e-8	5.50972089106927e-9	-1.7723460368292535e-9	-2.3450703329078385e-9	1.81024694221305e-9	8.246618605467473e-10	-3.191730920290818e-9	1.3840256291984937e-8	-4.518550194247669e-9	1.6039082039671885e-8	4.232570829250407e-9	1.745587099631489e-8	8.926307335778051e-10	-2.864824337598694e-9	2.3511193503815352e-8	1.8708967434688383e-8	-7.044167432493639e-10	-6.108346092886666e-10	-4.1107317151661514e-9	1.307441864499342e-8	1.2833803678575529e-8	1.9530323612646567e-8	-6.338292783669148e-9	2.0594672764214994e-8	-5.790758748219449e-9	1.8536892289936222e-8
4.5193919763330815e-10	1.3808242375840818e-9	9.871676589181073e-9	1.5302404678621565e-8	9.961258856131757e-10	1.599937637360766e-9	-4.044624503841152e-9	9.641505095532117e-9	-2.085068178860193e-10	-1.9126968335472313e-9	1.4881553483057302e-8	6.2989052579320726e-9	-3.0070011166007378e-9	1.2779129650420294e-8	7.346863882689521e-9	1.380135877447685e-8	-2.2467465243557194e-9	5.04153508209007e-9	1.3359358727246731e-8	1.4678093435010103e-8	-3.83096254329385e-9	1.3173808319766863e-8	6.366401820729528e-9	-4.0620706046787515e-9	1.7826429445084597e-8	-3.788202274486189e-9	3.3629096306003823e-9	-1.8391221242384496e-9	1.9989948556751135e-8	1.2897469943520664e-8
7.011053349297421e-10	-1.7721585383863914e-9	3.815879776362499e-9	1.658147617089989e-8	7.710343279403526e-9	8.289051981172898e-9	4.055592435737462e-9	-1.7592259407964013e-9	-1.4835303421264775e-9	4.7383181777295604e-9	2.1310283301230464e-8	-8.130215658188968e-10	1.9544812607689184e-8	1.181083169411387e-9	-1.795910983088372e-9	1.8156231633537722e-8	5.084706878740262e-9	-2.8316748223344827e-9	2.0247615072156034e-8	-4.539089465139451e-9	1.042213093561792e-8	-7.358820497799455e-10	-2.206362007268802e-9	1.912366971026092e-8	-3.2296350440102447e-9	8.638625838697787e-9	-2.728669072030782e-9	3.3569700993155025e-9	-3.925917913420947e-9	2.2641074884653725e-9
1.0662054371297099e-9	-4.973044648596261e-9	2.0153563359031712e-8	-3.8595624053202625e-9	1.2577012338560493e-8	-3.242769438533545e-9	5.29068072400009e-9	-1.3145178128295993e-9	3.554326166345058e-9	1.121442750691221e-8	-1.8485431216892717e-9	8.968081657362887e-9	1.7424605660935433e-8	8.775933673931106e-9	1.5847699472540296e-8	-1.2684001839110407e-9	-2.544202037388269e-9	2.02844574514228e-8	-1.0160513555119828e-9	-7.403828243560618e-10	1.3471862277873065e-8	1.8927999928294313e-8	6.9388595566496884e-9	1.789231821382029e-8	1.2529831862643775e-8	1.6477353792220143e-9	-1.0159486543375593e-9	-6.276668794536271e-10	-7.183329598976139e-10	-1.0644680856603987e-9
1.1349008960194486e-9	0	-2.714239251878157e-9	3.3184287767432564e-9	-5.95601905331162e-9	2.4536927912253124e-8	8.061998457616757e-9	2.3463204688445376e-8	-7.254982860124571e-9	2.1651796290308554e-8	-9.067680774444448e-10	-8.677171017596823e-10	1.8056865155099714e-8	-1.5120989199293471e-9	-4.9460614536392115e-9	2.4332167484442514e-8	1.501481927304741e-8	2.405391953501492e-8	-6.3958523244607505e-9	-3.1919655416961285e-9	1.4456326495562921e-8	-6.2852703047973165e-9	2.4539399089258228e-8	6.425469024301217e-9	-8.928506321796917e-10	2.531227300724683e-9	-4.621752135172956e-9	1.6412250656386876e-8	-4.883465641540642e-9	1.0638263136052932e-8
1.2462255712790583e-9	-3.797185244928162e-9	1.3867157330643455e-8	7.651670057481704e-9	-4.171436185515591e-9	1.792806608778347e-8	-4.1920319127132985e-9	0	4.8497510877749295e-9	1.7189500571942457e-8	-4.284331400721441e-9	-1.3812001053536885e-9	-4.196153627303546e-9	3.2138089904187874e-9	1.8326847408751356e-8	1.9213433868677875e-8	-3.6689520546142455e-9	9.056230016773468e-9	1.5477420939284694e-8	-3.668927422726896e-9	-1.8133135718994186e-9	1.2722167682169687e-8	-9.538421000512992e-10	2.7564181794245426e-8	-2.466391837723735e-9	3.5749522416123036e-10	-2.188376387468459e-9	5.40625423588038e-9	2.6928938167452838e-8	7.2753954408417095e-9
1.3573155525091552e-9	1.4144790440999332e-8	-5.258006686744533e-9	1.7937529457816838e-8	-3.3886622267118106e-9	-6.2343159374826335e-9	2.4333556182977297e-8	-2.4105612410630823e-9	2.1947546343182553e-9	-5.005283304009128e-9	2.170070685521771e-8	-3.3955339120069184e-9	-4.0430966011246095e-10	-2.267776643020892e-9	1.8444090009603499e-10	-1.4470584787908948e-9	2.7580849881110613e-9	4.517049674262153e-10	7.66407203366606e-10	-7.3471471090557146e-9	2.0661479753061315e-8	6.191638497496313e-9	-2.563861093480441e-9	7.015652555763641e-9	2.631922992716132e-8	-5.971790374307657e-9	1.2397783222753272e-8	-1.087823715691979e-9	-2.7022939638217705e-9	1.7332564176701754e-8
1.4288171479389122e-9	2.364408618359523e-8	2.1619092731671764e-8	-3.4879853042243694e-9	2.196609180004619e-10	4.267568676917641e-9	2.3054269313151574e-8	-3.778287441525952e-9	1.2766402891412917e-8	2.0059538669085798e-8	1.5510497028789115e-8	-3.2221797837568202e-9	-2.245496741985798e-9	1.0347658094585452e-8	-3.5695448682095337e-9	1.7771497729732395e-9	-3.858985646612496e-9	3.5681211772254958e-9	-2.4745837483031836e-9	2.340515447110194e-9	-6.276636966678842e-9	2.6924129994744695e-8	-3.4352152443534073e-9	2.3194007543970807e-10	-6.822711254940608e-10	-3.3580161061646412e-9	2.153124921948248e-8	1.542857316402055e-8	-4.481632109320579e-9	1.4643694724057245e-8
1.5008349955983859e-9	-1.8078428711788995e-9	-2.3987214458448276e-9	-4.279774520131923e-10	5.115947039807792e-9	1.5037615676744714e-8	1.958908672797545e-8	-3.356624968461589e-9	1.8590391164673593e-8	-2.6681489193557097e-9	-3.570651140102413e-10	-2.0775221305657757e-9	1.8681147969031424e-9	2.20881806979065e-9	1.4114442694942312e-9	2.0226175772514e-8	-7.20676182815451e-10	2.2358710960237596e-8	-5.723707251565889e-9	1.584429784156721e-8	2.3020438595202708e-8	3.557583913695888e-9	3.274312224870729e-9	8.377710089001257e-9	8.242587451724016e-10	-3.567144687033708e-9	2.1471893269169125e-8	-2.0728334789322905e-9	-3.049240130245467e-9	1.958303112077588e-8
1.6994875938097303e-9	-4.1315011141457985e-9	1.0865220131082007e-8	-2.5390946004663388e-9	-1.4862146879859134e-9	1.560646916769899e-8	-2.3759427569553176e-9	-1.3711786768383192e-9	1.8695262760337537e-8	-4.162065770031106e-9	5.2787887007170714e-9	-4.444182795009191e-10	-2.536713345760545e-9	1.3846489761326849e-8	1.173281318396268e-9	2.1898988609315006e-8	-3.998882826965111e-9	4.6434923251149615e-9	8.623224594352682e-10	-1.8637676439306617e-9	1.152899100856649e-8	0	1.6568928744188782e-8	-2.6930749707068714e-9	9.057653881705886e-9	1.996051684905123e-8	4.686904937789727e-9	1.0353161779903176e-8	8.095982806303885e-9	1.2260419561613228e-8
1.8235723098008433e-9	-2.6472719820840396e-9	1.0017749140401587e-8	7.59945479443965e-9	1.8091138457311815e-8	-1.6508514051956872e-9	-4.438008224401747e-9	2.6285027352698695e-8	3.135320525694269e-9	-1.5631090388126772e-9	-2.9509720667364277e-9	9.268232812971868e-9	-5.672006933317174e-10	-1.2627129445140697e-9	1.750327270072893e-8	1.7964780617458155e-8	1.1636374484429246e-8	-4.971977327946672e-9	1.5606243450343836e-8	7.482928918099456e-10	-3.888038182030441e-9	1.366682589430348e-8	-3.1239804896909733e-9	-9.555980710296117e-10	1.6703140124472356e-9	2.330170477988307e-8	1.883381627175475e-8	1.1987044382248728e-8	-3.548552311409572e-9	1.466626753376055e-8
1.8584250140886176e-9	-3.5180454128092463e-9	1.1009487358579092e-9	1.2180328550554433e-8	1.726001901699938e-8	-2.2342043416259595e-9	5.189974831211612e-9	1.9054407066333414e-8	-4.963913909143183e-9	2.110312787547882e-8	-3.5898825096091193e-9	1.0635310923159438e-8	-3.3358633540377926e-10	-1.8058153047871784e-9	1.4768121161972743e-8	7.714626021168544e-9	1.4934963577590012e-8	1.6613304976921617e-8	-3.1371554010357213e-9	1.4097693611376175e-8	1.6492779831145607e-8	-3.4332496847616682e-9	1.5813344324263788e-8	1.8323222577013213e-8	5.8587228209479824e-9	-2.8396740141506296e-9	1.3840507034838035e-8	-8.873433252303233e-10	-2.889864023593961e-9	1.9392323919074555e-8
2.1792096032984504e-9	-4.2994938553099515e-9	1.8384988326045337e-8	-4.39929759428801e-9	9.425137385228712e-9	1.2778921639654949e-8	6.732117301678334e-10	-2.84652106613645e-9	1.1086261499399291e-8	-3.4532128629238587e-9	1.4690300802335433e-8	-1.3973084086447938e-9	1.7537043694718583e-8	8.266804381145972e-9	1.2060706503345438e-8	1.6458041493038824e-8	-3.729840341303239e-9	-6.19640876945199e-10	-5.34198956646139e-10	-2.7237544954721916e-9	1.8215237780000114e-8	8.19586562556918e-9	1.6665037292858206e-8	-1.6145818100870901e-9	1.8759225893263723e-8	3.502308143320034e-9	9.71483185452687e-9	1.8447321913765094e-8	1.2622943781787273e-8	2.9699152606604892e-9
2.2916628025344566e-9	-3.4464377854882168e-9	1.0765617542647666e-8	-3.4431567845547014e-9	1.3119833114076218e-9	1.7355449561702732e-9	-2.8113722397033623e-9	1.0917615904047501e-8	1.32874576433564e-8	2.3931517531154747e-8	1.0508689927214296e-8	9.04591347242251e-9	-2.8705710710410522e-9	2.6169370473374573e-8	1.1842141443470869e-8	8.400208131630693e-9	-5.0281116315267e-9	1.4886729493762788e-8	6.332474430858516e-9	-2.5379753562774655e-9	6.653999241695219e-9	1.265353924957254e-8	-3.6006930262467473e-9	2.354313267513975e-8	1.4512640238556897e-8	-2.3770624262911967e-9	-4.855685526871379e-9	2.12394274103132e-8	1.1964924502004403e-8	-4.540233472620411e-9
2.5772108651042343e-9	-3.624255576417544e-9	1.647733611425004e-8	1.798979060595903e-8	1.3831291063502818e-8	-2.709584955915464e-9	2.6653883267683088e-8	-2.3165618848090347e-10	2.7775156638638562e-8	2.205168401647409e-9	5.9955248734395725e-9	-1.6059215804596099e-9	-2.958679069736473e-9	1.1594454836612393e-8	5.613718148080612e-9	-1.9689905543345054e-9	-1.8287349641891916e-9	5.269990521478831e-9	2.432731188819354e-8	1.6316457721581586e-8	0	4.621892679020283e-9	2.358461907133754e-8	-4.644461492398082e-9	1.5036142582475288e-8	8.549510784004994e-9	2.4191366741901556e-8	-6.849130146084333e-9	-1.91944882524088e-9	1.0729225217648464e-8
2.6091537714344824e-9	-2.4148910550485335e-9	0	-2.2717619077174477e-9	2.537879964554608e-8	1.8847432699101414e-9	-2.079536053640417e-9	9.333027379479654e-9	-2.580590725114189e-9	2.6505914511793657e-9	-2.6296996051726577e-9	3.253367899639317e-9	2.1806163526451543e-8	-4.027100473852892e-9	8.835148313029089e-10	-4.2354962191710213e-10	-1.879911423506995e-9	2.1722534345098615e-9	-3.442766249206683e-9	1.6288312082632518e-8	-5.314330086144516e-9	4.109363744522151e-9	-3.0677968999923696e-9	4.6153396601251326e-10	1.2218856443937038e-9	5.15481602881715e-9	9.28768602175541e-9	2.6147676594117167e-8	1.9131388281448865e-10	2.7528515078484986e-9
2.6689232409452283e-9	1.9334267877730323e-10	1.6598622271355568e-8	-2.1475228024968e-9	-8.215044741621456e-10	-5.341984958717415e-10	-2.116359486029654e-9	1.2492593307417149e-8	8.10152685492505e-9	-2.25667106090192e-9	2.0531250073556196e-9	-3.652914588029753e-9	1.346916747009165e-8	1.12489859426319e-8	1.7205956309670343e-9	1.3339701749124271e-8	1.6145996149696652e-8	5.5529718995350355e-9	-2.6226787800031923e-9	1.055128096847134e-9	-1.8365256837407363e-10	2.146617835748852e-9	-2.43962476096579e-9	2.1477315044165308e-9	-1.0953127352720271e-9	-1.5497454737706894e-9	9.437702639984825e-9	1.249267872012891e-9	-2.3308624235199095e-9	2.996739413243493e-9
2.73171267676161e-9	2.4260703935915942e-8	-6.859124373798105e-9	2.0261514305146233e-8	1.8443670415242653e-8	2.6334863612597126e-9	1.41125274307131e-9	-4.808163541201371e-10	2.0998965574283382e-8	1.6847922062898683e-8	-3.94783544472743e-10	1.5809104544335817e-8	-3.0884383705584012e-9	-1.2269942565441023e-9	-2.4749820586009627e-9	-1.3703313692230676e-9	2.1477081280857038e-8	-1.9185289043721633e-9	2.0417990076762988e-8	1.1371049835232751e-8	1.106299398125079e-8	2.062183766955761e-8	-4.488374618628496e-9	-4.460978526954224e-9	2.2826129943416826e-8	1.5145961422660755e-8	1.9496770157682355e-8	2.4285528483411667e-8	-6.508939935392839e-9	2.271084705481769e-8
2.915641959142861e-9	-1.9788383791018704e-9	-9.774707952875553e-10	2.1121136007662418e-9	-2.2210751582912917e-9	2.025507677517018e-8	1.0320370657833575e-8	-3.993685302521018e-9	1.1761309466948051e-8	-1.476878989170628e-9	2.4823060063608104e-8	-3.906556109676004e-9	4.843251751681361e-10	1.808066333556364e-8	-3.0053511891564006e-9	-1.5594038826567033e-9	2.5648852596040762e-8	-6.376698464067503e-9	1.7515771354743314e-8	2.301428293295375e-8	1.9572622160732366e-9	1.7515803689196685e-8	-5.552320961260562e-9	1.7631590202496018e-8	1.9434014414953187e-8	1.3872997580647551e-8	-5.526622251987216e-10	1.3156617181577249e-8	1.991205140837149e-8	3.129375350718594e-9
3.614867488454722e-9	-2.5378984253772494e-9	5.544019076285368e-10	6.332936944477689e-10	-6.061956056801281e-9	2.6202017126157124e-8	-6.74812741643562e-9	-3.0090558678721514e-10	5.962252252537376e-9	1.6084632699208977e-9	1.0237143489663533e-8	2.1784801470839763e-8	1.0784438863398229e-8	2.6705143967181854e-8	-2.359246777186094e-9	7.7119644726945e-9	2.2022779489075775e-8	1.748189391938841e-9	2.1854170149055213e-8	9.579073375248631e-9	1.7740671421745663e-8	6.80317224873338e-9	2.5962394743637426e-8	-5.67289737065989e-9	1.3129070978262604e-9	6.87427053842625e-9	2.2017087257161482e-8	1.351489058766334e-8	2.309212546611355e-8	-7.025971942417742e-9
3.811697384408109e-9	-2.3496302555970464e-9	1.0262691764133594e-10	-2.4131853661231164e-9	1.9978965256314852e-8	-3.653637494281244e-9	1.499723863520501e-8	6.785720709894489e-9	2.0866417117112648e-8	-1.7541304809503256e-9	2.7877328801688485e-9	1.4419866933824393e-8	1.3073838878560794e-8	8.143746740970613e-9	1.0370044103709994e-9	-4.5509318879116277e-10	-8.754087485462839e-10	8.663127613830462e-9	1.2994191409139871e-8	-2.9558372587021464e-9	-9.242512670160642e-10	6.958068495982866e-9	1.4363496509186213e-8	-3.438983037151211e-9	1.8172536334961767e-8	0	1.3589094625436657e-9	-1.997885840027601e-9	1.672001756773225e-8	-4.776040620492143e-9
4.461304658042129e-9	1.6782766805623555e-8	-4.752834102298824e-9	3.0406424345658255e-9	-4.5481751871574205e-9	2.1551682513068252e-8	1.514350721721466e-8	-3.853120531698657e-9	-2.941601372975372e-10	-2.9421243381211193e-10	-7.822771625922919e-10	-4.103706825491091e-9	1.4072355453482578e-8	-4.56387114762082e-9	5.1768393643814125e-9	2.734616768591005e-8	2.217664312712824e-9	-4.648963371283339e-9	2.6811767859729293e-8	-5.171314431052978e-9	1.2802614268288645e-8	1.7222115587908678e-8	2.4834535137509292e-8	2.9077673868204603e-9	-4.2777770770283205e-10	-4.927765950922505e-9	2.1836220442751637e-8	1.5631198909647207e-8	2.035339063894823e-8	9.435993704033866e-9
5.093974182599933e-9	-2.9840078576596938e-9	-1.338355544857662e-9	0	2.307609853006745e-8	4.920857066326576e-9	2.495672439869347e-8	0	2.073639826001158e-8	-5.605167446288033e-9	2.1733374480348682e-8	-5.760471212509131e-9	-4.4391778076901605e-10	5.133596913327538e-9	6.141034803903468e-10	-4.722521297112635e-9	2.6964782945625167e-8	-4.250422830981793e-9	1.4290627867130138e-8	-7.027746041120422e-9	2.475958468166184e-8	-1.966754825101962e-9	2.535896642729991e-8	1.537358251000634e-8	2.57218020012308e-8	1.2014159459113868e-9	-3.7241706811232357e-9	1.6076067615846222e-8	-1.1589354531231905e-10	-1.6087688269681032e-9
5.8907467996019276e-9	2.202416386156756e-8	-6.107748582015854e-9	8.704010651141438e-10	-7.959603569860026e-10	1.0892242877072438e-8	2.2992014404812285e-8	1.5212987136013683e-8	-3.7096066445579764e-9	2.0355803422469945e-8	9.006645255429549e-10	2.7611079565239628e-8	-4.947442281495842e-9	1.3139337191145228e-8	0	0	-2.1687395594451626e-9	6.62201874763054e-9	-6.767238882890394e-9	2.3920276739073635e-8	-3.1009590582971866e-9	9.819975616998613e-9	-3.0731499467005542e-9	6.450591915519217e-9	1.8835070562394105e-8	-3.1239797654744927e-10	-1.570521176241908e-10	-3.6665939259286242e-9	1.2611806455550348e-8	1.5370644185453597e-8
5.956284332984108e-9	-5.391473317049259e-9	2.7602179233268525e-8	-3.4465279821300238e-9	2.68585423139293e-8	8.51596092701427e-9	-3.6780081899437114e-9	-2.575361867144713e-9	5.831940575039969e-9	-1.812136473625039e-9	-1.4701556233812907e-9	5.0586542566726135e-9	-2.89190004992535e-9	2.402978944421966e-8	-5.588063932999719e-9	3.3642272492683125e-9	-3.098012431855605e-9	1.074925052667569e-8	-4.878837657138525e-9	1.0386708279078247e-8	-3.020604659918798e-9	7.826288274616434e-9	-3.6528791750925975e-9	1.502523497452325e-8	1.6130503737785885e-8	-4.054778254484209e-9	2.3837074444959934e-8	-4.5281448812603415e-9	-2.8023493591625615e-9	1.774513007865551e-8
6.171937821498486e-9	-4.064964726887561e-9	5.50595133168974e-10	-1.7271280100852655e-10	1.9527916701115343e-8	-5.690154396272975e-9	1.8437996490818454e-8	-2.1604552264880536e-9	1.4468967956875713e-8	5.33563856820155e-10	2.623196861102065e-8	2.467788568889005e-9	-8.801514051537378e-10	-5.297648440336238e-9	1.3838382850808731e-8	2.144479494979727e-8	3.806802822100574e-9	2.6256898947143158e-8	-4.249265161788049e-9	-3.3371757845392414e-9	2.6306157036761655e-8	-4.1304026026793825e-9	1.6764515814451854e-9	-2.568670573537095e-9	9.068351637669512e-9	-1.7710522006023363e-9	-1.5220153050260717e-9	1.5270554522176375e-8	1.2173325687026622e-8	3.6466461752372487e-9
6.896299078432914e-9	1.7763573047128866e-8	2.2694339123748195e-8	2.4319027830679136e-8	7.3940821039559e-9	8.611594795269701e-9	2.4021610555059688e-8	7.147528982137983e-9	2.7115934340724643e-8	-2.514894123305328e-9	1.7877411997370777e-8	1.4403142814142966e-8	-3.506567350075558e-9	3.927783196040593e-9	7.759779846546109e-9	1.4736075356834135e-8	-3.0877270460677975e-9	1.5069492182874556e-9	-5.5430396968807795e-9	2.0411114409320754e-8	-1.2626015507247825e-9	2.102461580947517e-8	1.3083013679175346e-8	-6.552169204603945e-10	9.541318744286333e-9	1.795091683379287e-8	1.0687563833342821e-8	9.252844852736637e-9	-1.1021391732341435e-9	3.5712892244452006e-9
7.326597518119604e-9	2.0378636333443632e-8	2.7793650716666687e-9	-3.0242615791446908e-9	1.2609813025702244e-8	-4.56596753060779e-9	1.695179899835989e-8	-2.609974552436845e-9	-1.7617488647118916e-9	1.1203326458461611e-8	-2.644474493362704e-9	1.1341107115385205e-8	-2.5420766248390494e-9	5.403750779407548e-10	0	-2.7163798935478606e-9	8.733003047703606e-9	-3.69632037898525e-9	2.5576067217879944e-9	-3.2570209411539985e-9	2.0770383140796814e-8	7.054722440259602e-9	1.2620064840053246e-8	1.8262241704294918e-8	-1.3348795055045516e-9	1.5857073820951503e-10	1.9737970160291322e-8	1.1683890804639165e-8	-1.6478769643364274e-10	1.2298197639856792e-9
7.678325472718482e-9	2.27584230379638e-8	5.330319469188815e-9	-1.2310582530960255e-10	-1.1450411347576067e-9	0	-3.534330816110079e-9	1.0249446054616244e-8	1.956188364054513e-8	1.0584642212109742e-8	1.3845314111812355e-9	-2.1798586329100854e-9	-2.709279146859009e-9	2.6233183323457474e-8	1.3524433910144538e-8	8.183770006463277e-9	-1.9049103941047867e-9	-2.0602727505968034e-9	1.0455890990663705e-8	1.2789027326278569e-8	1.2822886840879165e-8	-5.885919403819387e-9	2.5685954060727462e-8	-6.356192004179053e-9	1.564862871248353e-8	-5.299770457265138e-9	1.3534157945853377e-9	0	2.6313547260016282e-8	-6.111546485702524e-9
9.786052333490284e-9	1.8009528554865753e-8	-4.517896859587138e-9	1.39107697270149e-9	-2.940456525481585e-10	-5.027793706106583e-10	2.2850488268321197e-8	1.92857582304925e-8	1.4422309988495431e-8	1.6495722733315636e-8	-4.854683722164103e-10	2.421244440204836e-8	1.97395109109519e-8	2.0946946747445896e-8	2.1523947808383212e-8	6.089228128605743e-10	6.803812962053348e-10	-2.9413005693398445e-9	-1.3760291066281048e-9	-2.5830795020249224e-9	1.0607918568254403e-8	-5.133253516507021e-9	2.2984923799751216e-8	1.1631092437468668e-8	-4.589423664234567e-9	1.5590328375773006e-8	1.0991782861034771e-8	-3.906613842643357e-9	-6.3805683675576066e-9	1.745225779583992e-8
1.0874604820184419e-8	-5.86278265318741e-9	2.6640432872181724e-8	9.397923385501957e-9	1.4637448554392551e-8	9.289894426739153e-9	2.522863534121948e-8	2.7344991080303977e-9	5.498241322210278e-9	-1.7114592932648272e-9	-2.1655911497426084e-9	9.41296317299565e-9	1.8841073796447574e-8	2.2022467356217688e-8	-6.403037261519416e-9	2.566613560770095e-8	-7.570006292471817e-9	1.585728269535264e-8	0	2.481645928293791e-8	3.04523480409962e-9	-6.745121444972726e-10	1.3350312670340747e-8	-4.699202034439654e-9	7.656137671942689e-9	-3.8753040189853155e-9	5.703832087784591e-10	0	-5.047745061891005e-9	1.191567100472053e-8
1.108809148275988e-8	-2.8803715123747424e-9	7.805021940621248e-9	6.84849634066235e-9	-3.822993249419267e-9	1.7204962055127858e-8	-4.4574974433559864e-9	1.4020851240202345e-8	1.0164267268696012e-8	2.0403277089884105e-8	-3.852175558469596e-9	1.7444195625554293e-9	2.5379084926006303e-10	2.1079975428966396e-8	7.352978950206117e-9	1.862609941843868e-8	1.4081521755799273e-8	1.8556177460338695e-9	1.2982708293077528e-8	1.813764421765871e-8	-2.3127488821102046e-9	1.9896843145421535e-9	-4.529679613288941e-9	1.4484621704731047e-8	-3.2743305190989034e-9	6.464338680503516e-9	-2.482921808812492e-9	3.524781562365751e-9	6.508653802103191e-10	-3.1378384438240982e-9
1.2043157914631869e-8	-1.1851451672016937e-9	2.760777111012595e-8	7.92032250159616e-9	2.512116857439987e-8	-4.3503315375954935e-9	2.5451678277197685e-8	1.4750410901392095e-8	5.482482591911158e-9	2.667497700167126e-9	-2.6521377762365573e-9	1.2422686817023164e-8	4.1393856940513726e-10	1.4860703059534082e-8	0	-3.967898762159427e-9	2.3238721035963895e-8	-4.251706986607727e-9	4.676808651119454e-9	2.622476045191363e-8	1.3009361044490098e-9	-3.6462543632404396e-10	1.9387408759904165e-8	-5.1080719069747695e-9	2.6569172571344276e-8	-7.316998414089111e-9	9.268631436280497e-9	3.7021262850194824e-9	1.98633467465155e-8	-4.88329000660325e-9
1.218242023729548e-8	2.239513856589066e-8	-6.3761742667545975e-9	9.021146842356772e-9	-2.851837258637185e-9	1.8487684353782794e-9	2.2132624017172107e-8	2.2078464286717724e-8	4.173090587411757e-9	2.039953733629927e-8	-6.660324993858312e-10	1.674702694475009e-8	-2.8864104635082576e-9	2.557910205020104e-9	2.323286202917591e-8	-2.6629142703965083e-9	1.4479428166291918e-8	7.220759245488048e-9	-5.675690110173117e-9	1.9867522125381535e-8	-8.47997385644475e-10	2.6608060167004042e-8	-3.816873162827849e-9	-2.2234767853442876e-10	1.3301796359666985e-10	-4.470373764387064e-9	1.6152038833363834e-8	4.9849258225435776e-9	2.2624660164682872e-8	2.7518030788076216e-9
1.2508452942993314e-8	1.9369078483113812e-8	7.134547898987571e-9	1.7649843441339167e-8	1.1089181993537333e-8	1.7709952216591674e-8	-2.489579467812965e-9	1.106140938746784e-9	-5.18319339241706e-10	1.6660298773123191e-9	2.0218907120621794e-8	-4.336884771805724e-9	8.349329775954224e-9	1.2122577979766153e-9	8.945272630779072e-9	8.24811012959554e-9	-2.762512856466651e-9	4.1375623056399125e-9	-3.88358743333882e-9	7.782548290309546e-10	-3.553349225117294e-9	3.969338497935579e-9	-2.023765513415106e-9	2.2217116866424206e-9	-1.4010140670848528e-9	2.149374001422064e-8	-3.079121821164926e-9	1.5391010437036508e-8	1.2818264921840359e-8	-3.1803892431778943e-9
1.26970973117563e-8	-8.751431632898126e-10	-2.3945764611483353e-9	1.781456554004143e-8	7.473978468262547e-10	2.06452925595267e-8	-3.6549545583690006e-9	2.9474719975859637e-9	-1.750412240357954e-9	-2.3267651460837147e-10	1.0156693209588254e-8	-3.272972870056665e-9	1.1685307458780567e-8	6.35602636817758e-9	-4.319340798487822e-9	2.114164415590592e-8	-1.7094880485937996e-9	-3.1705932491991536e-9	1.6190997642625833e-8	-3.3893106197144126e-9	1.5566382198063445e-9	-1.7971841819683352e-9	2.1260076094306823e-8	6.300686139033279e-10	1.3996186734168618e-8	-4.00555332391645e-9	-4.5722553611640085e-10	-3.3196832217800535e-9	1.1479130468379211e-9	1.3741063258755377e-8
1.2836520609302758e-8	3.501333246104917e-9	1.634375008634756e-8	-2.04998209266281e-9	-4.7921108586949435e-9	2.2233881160133707e-8	-4.856617185801278e-9	1.5019512996776942e-8	-2.962834561046529e-9	2.298642172224762e-8	5.191166902958934e-9	1.4438844193915e-9	-4.225933529169053e-9	2.376291035488937e-8	5.818709814013612e-10	4.431195203525849e-9	2.1015007322522795e-8	-5.4448638101178265e-9	6.0814961019465455e-9	-1.7788914281325095e-9	2.450516700713884e-8	8.043246082340204e-9	4.984930409893064e-9	1.0381826386393288e-8	1.6313024234563225e-8	1.7090260993131387e-8	2.2273206998801432e-8	-1.2906936090626172e-9	-4.328019198996123e-9	2.6454017417300147e-8
1.3054496596752403e-8	1.4344873920746512e-8	2.5299004450727915e-8	-7.3036428904401015e-9	2.0466110849712537e-8	-4.870039744931103e-9	-1.9253728739663005e-9	1.5254300745312832e-8	-5.376154441170526e-9	1.1551091619263784e-8	2.2736235528918333e-8	1.7791975417881402e-8	2.063728325077631e-8	4.646386554412309e-10	6.2626336455575565e-9	1.4263924370400824e-8	2.0492756761007975e-8	1.6168621009698901e-9	-2.0403082813022608e-9	2.2347279645031727e-9	-3.8633483571884045e-9	1.6724699134365762e-8	1.812682149295445e-8	1.1882164124438672e-8	-5.7119704182546955e-9	2.639884347799867e-8	4.748891735341059e-9	-2.1441599650062224e-9	0	1.0890808809177407e-9
1.4042181655850356e-8	2.4966593650685125e-8	1.344048391905511e-8	1.3827801986597402e-8	1.6389427933662315e-8	8.87690465798787e-9	-4.204255606691498e-9	1.4924076177912047e-8	-5.119666706851284e-9	7.987297521192031e-9	2.3053037935658003e-9	-2.7145063833478704e-9	2.3218087191245317e-8	7.955068215073745e-9	2.487792118500866e-8	1.2484953061506365e-8	8.946630177727004e-9	1.5472866887077104e-8	2.1239947348635714e-9	1.4645336448309701e-8	1.5130869142295688e-8	-2.2696122862727573e-9	1.4213985616918002e-8	2.385594854899695e-8	-5.0922509707988245e-9	-2.8350821667065134e-9	1.5621451406967342e-8	-1.7893940656706342e-10	-2.852733858520083e-9	2.4128545358672082e-8
1.438347743347264e-8	-1.7012246305303435e-9	-1.5425463429977659e-9	1.877206267718762e-8	1.7940111598227628e-10	-1.5320695182861333e-9	5.328847630067256e-9	8.298576380067587e-9	1.3155272994044478e-9	1.9523273668283525e-8	-1.617865842616943e-9	8.670838510861118e-9	-3.4394029467305964e-9	3.1619067569521347e-9	1.9076921739414126e-8	6.497293180070343e-9	1.6441649836871467e-8	1.012815452383942e-8	-1.1957037586768937e-9	-1.2993942165329e-9	1.07705963530982e-8	1.1772368885338771e-8	-2.977704674804175e-9	3.179148202831952e-9	-2.7820199145320743e-9	3.173838711420614e-9	-2.6127186994450342e-9	-1.2012940384959043e-9	-1.753210093321407e-9	7.005579043243445e-9
1.4412466629917498e-8	1.2431374981639766e-8	1.7073557773019896e-8	1.8482696911705673e-8	-1.2586310730479662e-9	-1.5594319417186423e-9	1.1059312940148634e-8	-1.7032248335507076e-9	-3.5257464032938885e-9	1.9653473582222336e-8	-2.02035048144441e-9	-3.4758965092070365e-9	2.0054382841870852e-8	-3.227335247961376e-9	-1.5489172611300014e-9	1.3742882798997278e-8	-2.8481065471691945e-9	4.9517111201276105e-9	1.7723018455313784e-8	-8.506953579626164e-10	5.510531504209134e-10	2.364968570616938e-9	-1.3382221234101721e-9	-2.1723202778947383e-9	7.348557957354614e-9	-1.2111451408063844e-10	1.4561464824689495e-8	1.2854473659981254e-8	-3.13102858996182e-9	-4.586548968364748e-10
1.4666468867279191e-8	2.293617351450428e-9	-4.3841081971654947e-10	-3.162899881602879e-9	3.667808675545072e-9	6.273004261483981e-9	1.8182634014649826e-8	1.7431255314888155e-8	2.03421207298162e-9	-4.776904350240073e-10	8.797848456541367e-9	1.4375049005736387e-8	6.412265558965187e-10	2.01151577964713e-8	-3.121603074894828e-9	1.931547259044423e-8	-5.0569805324982245e-9	1.680032655745574e-8	1.2142145892085184e-8	1.6268634430216273e-8	1.3115236866106838e-8	5.245936656860042e-10	3.061680358046239e-9	7.353174042884312e-9	1.708254755297979e-8	-2.8847350322501712e-9	7.318889926963073e-9	-3.669789490735313e-9	-5.42568408285438e-10	-2.7043875622239283e-9
1.514043082014643e-8	-2.842420224045367e-9	1.8672328087378116e-9	7.790960206168857e-9	2.936463814297109e-9	1.911587729927673e-8	9.57497715692679e-9	3.821686654953725e-9	-3.889633212671812e-9	1.7846514381180703e-8	-3.1026107418642847e-9	-1.1089886046258342e-9	1.2319030659785838e-8	1.774550012096212e-8	9.40732393980594e-9	8.090570385507038e-9	-2.8857386170737287e-9	-5.439258793470493e-10	3.2299476293205902e-9	8.486774984023267e-9	3.480590457216884e-9	1.9870565993473664e-8	1.1030289130304109e-8	1.7325826729378092e-8	-3.870013452834122e-9	4.2146415174911624e-9	1.934494903060396e-8	4.983487900401798e-9	-3.2165489960130566e-9	1.777070748915989e-9
1.6087096702571354e-8	-3.780286061868653e-9	2.1073953009982e-9	-3.161766330636035e-9	1.546892969305243e-8	-3.946226446402596e-9	0	-3.4222567240127553e-9	6.5805437270424595e-9	5.790571701342524e-9	-1.9132940451035273e-9	1.590088208107678e-8	-4.067331504585988e-9	1.4486745753508148e-8	4.855031566166162e-9	-2.948757239511652e-9	2.581884243624062e-9	-1.8126406078375113e-9	7.671614707547315e-9	0	-6.581787548563574e-9	2.567546694568834e-8	-4.398583296999531e-9	-1.2866339409785082e-9	2.246860262147708e-8	-5.771641544573033e-9	1.5746113419179225e-8	1.52808843101151e-8	-6.186001716662363e-9	2.415817359285519e-8
1.613776802395425e-8	1.0642986257283558e-9	-2.5341133619383484e-10	2.2753012507081123e-9	-2.5741627903355673e-9	-3.0641448999250525e-10	2.1751165325219263e-9	-3.972495784847158e-9	9.303321314310263e-9	-2.295880398975489e-9	1.4195143785861467e-8	4.705988628414873e-9	2.1787506100912882e-8	1.9773077918020505e-8	-1.5190115586577655e-9	3.4579810649832204e-9	-4.1286406125984816e-9	1.7051624795200634e-8	-2.888331832704276e-9	-1.7476698830281789e-9	2.0488025617290963e-8	4.974347721395894e-9	1.7030452110203788e-9	1.3728075273147244e-8	1.5915645779217204e-8	7.266257850834513e-9	-3.949107957060101e-9	2.0032692349924014e-9	-3.05904559406553e-9	1.5086553314080903e-8
1.623964791833185e-8	1.5715573099178306e-8	-3.5443316081614354e-9	-1.9679904195920595e-9	9.140113930054555e-9	-8.183981611052928e-10	-6.318629347284423e-10	1.5134542331661484e-8	1.7542893877918603e-8	3.756728581455657e-9	-8.737091889017557e-10	-2.9190685575821843e-9	0	3.0675767384382096e-9	9.065601189282474e-9	2.045442286105863e-8	1.3667655019522529e-8	1.317407454603923e-8	-3.2051046705259747e-9	-6.25300964665426e-9	2.1770078027006985e-8	-2.356162099977807e-9	1.6618289236283585e-9	2.89210549542525e-9	1.1556142077847638e-8	2.0421639883106062e-8	1.6443271857846336e-8	-3.3954557865349493e-9	-5.426327964071292e-9	2.1113268286983393e-8
1.650495900426724e-8	7.521700159024578e-9	-2.1255296642965605e-9	1.4451966113727423e-8	1.3489200364922903e-8	-4.006694817776111e-9	1.1490059675877712e-8	2.1464129017140232e-8	-4.289255397658648e-9	-4.390084549486245e-9	2.1992801724488125e-8	1.900256311604251e-8	-4.413687910859355e-9	7.1636639686312e-9	-3.5272264826954653e-9	2.710653348560789e-9	-3.5837453022146015e-9	1.202718823441547e-8	-1.923910447551687e-9	9.085581280900352e-9	-2.2102517513396964e-9	-3.2601460549654454e-9	1.1433213492615515e-8	-4.513578857986752e-9	1.6597840441412274e-8	3.4665248847260997e-9	2.5488682874901743e-8	1.3384428851294942e-8	1.227994261807456e-9	6.335590287936535e-9
1.6792028746166462e-8	0	-2.573733297952244e-9	-2.1372274357337807e-9	2.2011561285260078e-9	2.01572676421058e-8	-7.241091236232886e-9	2.1591644282735632e-8	1.0492744224543845e-9	-2.8757301723536755e-9	1.8931644208831493e-8	2.0868566699441202e-8	-4.3445626706052185e-9	1.4477981025922735e-8	7.917317529350017e-9	1.7967557735637706e-8	-4.82728619035921e-9	2.0690851724003033e-9	-4.414486960832006e-9	2.160456960915868e-8	1.5278537046057405e-8	-5.223721251447717e-9	2.2425760730488944e-8	-1.077170125046952e-9	2.463346345024793e-8	2.3165603594300677e-9	1.7262204623337156e-8	-4.94432250528547e-9	2.8091334418968064e-9	-3.7681677764716366e-9
1.7420704108763807e-8	-4.894642319960808e-9	2.264728740567463e-8	-4.960854964138597e-10	2.109461358987895e-8	-1.267332883019048e-9	-3.835215024856944e-9	2.0889102414415894e-8	2.190266132523184e-8	-2.435681844718453e-9	1.8909174068935442e-10	-1.2870464654138162e-9	9.119573584444881e-9	-1.0078253116985358e-9	2.9811514536659573e-10	-1.918623725372813e-9	2.4480757722468546e-9	0	1.0680999379627602e-8	2.6669572763527234e-8	-1.109367511365186e-9	-2.810696663624734e-9	1.502218019617693e-8	4.754678830747192e-9	-7.275428030292458e-10	-4.1335923348808845e-9	1.644586398393302e-8	1.0499019919443094e-8	-3.1603443127075386e-9	3.425703856572241e-9
1.7976588295874932e-8	-3.131501080824003e-9	1.671355477189357e-9	2.651103249427917e-8	-6.313669773629243e-9	1.0193202679990505e-8	1.2451379112388234e-8	-3.790133954077658e-9	-6.596569946378669e-10	-1.5295680770247507e-9	-1.389405609616399e-9	-2.3413886344379053e-9	3.598509568267918e-9	-2.606598302129091e-9	-2.2135157308152575e-9	4.3860261725514486e-10	-2.1853443813806425e-9	2.346748930964251e-9	-2.6257347178184014e-9	9.320366899899759e-9	-3.844221956800622e-9	2.3845432161025607e-9	-5.514041835147954e-9	2.3736563533199742e-8	1.4138281685432568e-8	1.0259250814646767e-9	-3.840945203324577e-9	1.408613408546239e-8	-4.906055178344706e-9	1.5751930971788147e-8
1.8031567144730366e-8	-5.061550847037337e-9	1.6540309060468187e-8	-4.003302136876384e-9	7.869927214787224e-10	-1.2054203117916667e-9	6.890024536018536e-10	-6.188070389657552e-10	-4.851157820119825e-10	2.054528793572517e-9	2.0311222238233013e-8	3.96623866347746e-10	1.0340706140579387e-8	-4.236626827395919e-9	9.401646747798658e-9	-4.51563253400886e-9	2.4662994117395546e-8	-4.995358427328016e-9	5.2856062381208505e-9	4.968412762046186e-9	-1.6822089421304642e-9	-3.072190464170717e-9	2.576990696247409e-9	-4.638051909731504e-9	2.1849153121139712e-8	1.7424813715547535e-8	9.95876403384355e-9	6.979978938914187e-9	1.0067335503039021e-8	-2.9721112953438665e-9
1.8361490420360428e-8	-3.064872728502124e-9	5.3029055632224755e-9	-3.732226833040642e-9	1.1954373454586251e-9	1.487229938279505e-9	1.530189659015434e-8	1.9190308920082274e-8	-3.6944215838801675e-9	2.4867732490609955e-8	-5.710494833230107e-9	-4.5294693945150283e-10	2.0245949539592626e-8	4.525138424123459e-9	-4.671241925260724e-9	2.1037045281047222e-8	-4.904434802626289e-9	7.33518073069597e-9	-2.4792753963876373e-9	1.5158563142872058e-8	1.746054444105144e-8	2.1950231939121448e-8	-1.3729710595740074e-9	5.147120507744805e-9	1.2708271740660724e-8	2.5349619417643736e-8	-5.834658332072141e-9	3.728815219235631e-9	2.624197313029606e-8	1.2491527621042828e-8
1.852602976873867e-8	1.7212990304493128e-9	-2.155026234416153e-9	3.1159943839203292e-9	7.83604562719199e-10	1.2757383110063454e-8	-2.033003506697884e-9	-2.2329889405121683e-9	1.4360507311198142e-8	-1.1771546670032881e-9	-1.887769357471136e-9	3.960321330314454e-9	-3.833736431715948e-9	1.433915947728046e-9	-3.4598366464137064e-9	1.2973913834364772e-8	-3.867837591702792e-9	8.66207217635206e-9	-1.9128503907290037e-9	-2.2747955028231706e-9	1.0478671913583148e-8	6.971682546111938e-9	1.4525357189100146e-8	1.1473350656638076e-8	-1.047717510908271e-9	-2.470114543223706e-9	1.1654426611233953e-8	-1.9620036712644465e-9	9.383016682352547e-9	-3.590927360364396e-9
1.8734833854709198e-8	1.3461129939721766e-8	2.5003854754797134e-8	-4.791122057865501e-9	-3.7374195387911166e-10	4.312366746528143e-10	-4.837091243843379e-9	2.178029517379275e-8	5.393573817296825e-9	2.0124470949585214e-8	1.6150307952095282e-8	3.2922591193652267e-9	5.96697214718275e-9	1.504947873435041e-8	8.355449197184354e-9	-2.4881101026643757e-9	1.0169962727376923e-8	3.213008349032889e-9	2.7198928655250802e-8	-2.57652499535326e-10	-2.8982964708822237e-9	1.6141890142717042e-8	6.957738594029742e-9	2.41325105993613e-8	-4.012397477267926e-9	-3.559607390281316e-9	2.583238774928479e-8	-4.7817036168954776e-9	9.814275987326094e-9	-4.594288757504324e-9
1.8883384475667943e-8	3.1640783560119987e-9	2.537518662059233e-8	-7.188858059115948e-9	8.892101421449684e-9	5.5064110442359335e-9	7.00469669935216e-10	-4.161303566436113e-9	2.1852024510962385e-8	-2.0421871482623866e-9	-3.969954969389345e-9	2.5865876040067453e-8	7.3190287080545936e-9	2.38197092147138e-8	2.1353323772481084e-8	1.6696508452575556e-8	-1.4700810477814018e-9	-6.289739272103351e-10	1.373699844930694e-8	1.5418693258936866e-8	3.018065906236388e-10	9.277617694661159e-9	-1.883685894492943e-9	-2.4831190979559963e-9	1.8817570671429804e-8	-3.4723726876142964e-9	-7.369483916168949e-10	8.893069355022601e-10	-5.598665288946592e-9	2.1420596190818855e-8
1.9919344301119043e-8	-1.1171705948336445e-9	-3.5832616931402367e-9	2.149316894557433e-8	1.5468218138192319e-9	2.2432317112472612e-8	7.655325736010966e-9	-3.2341917559622526e-9	1.2123912018566464e-8	-3.2728657391538316e-9	1.7621944996713204e-8	-4.117433078956837e-9	-2.1084576602112217e-9	1.6629058565578988e-8	6.919855547321508e-9	1.5100570091031808e-8	1.7249998422945846e-8	1.9848311279352978e-8	1.3982321713836866e-8	-3.16229848698849e-9	6.435876726021545e-9	-4.6694379204459825e-9	2.2562491120303022e-8	-2.2204886663531655e-9	-1.7208281849815649e-9	-2.670273292217857e-9	1.0595618392961484e-9	-8.708832234210712e-10	-3.5556649085421337e-9	3.573910520109082e-9
1.997692167294122e-8	9.372158866985748e-9	2.250165098238784e-8	2.120068056579987e-8	1.940216961719111e-9	2.111509144240247e-9	-3.0187411291955744e-9	1.4765913356482352e-8	-1.537358339630208e-9	-5.877727370876646e-10	-3.179950720748511e-9	1.403013073464517e-10	1.8487653859891667e-8	1.335625121866732e-8	-3.9568944835095975e-9	1.402169162498101e-9	-1.1181722649991854e-9	-2.066208304842969e-9	-9.727999046428533e-10	3.2708936971029914e-9	-6.0478029741331696e-9	2.6229550354609238e-8	-4.363892303083545e-9	2.9189876951488497e-9	-1.0094691508659141e-9	2.2671337262469236e-8	-5.699120238168822e-9	-5.19162359778301e-9	2.1039474229692048e-8	-2.6893156046751295e-9
2.04856456615136e-8	1.6467408474661642e-8	2.1976250022821355e-8	-3.851434834627793e-9	9.140296049218328e-9	2.4188695116216796e-8	5.015408650738193e-9	-4.730851257678914e-10	-1.3691290622669666e-9	-5.60572208709113e-10	-1.2839159740866156e-9	6.92489499605194e-9	1.2197989261720271e-8	-2.940689366929145e-9	1.3687556893630014e-8	1.7126517546909666e-8	2.790206366679216e-9	-4.593468688119199e-9	2.376758883982817e-8	1.0399109903552582e-8	-6.429552688578325e-9	2.4953554031674866e-8	-4.000093330048874e-9	1.1009471089220316e-9	2.3934287031651574e-10	1.7712758660613913e-8	-5.738280430227927e-9	1.966407361130178e-8	1.0116033001065988e-8	3.732210964769771e-9
2.050066749113947e-8	-5.4333132489332906e-9	1.4227702126728372e-9	0	-4.763744107394659e-9	2.4755378484530276e-8	-3.89852122604354e-9	1.0522918156456449e-9	9.887590884822155e-10	-2.977422864020052e-9	2.1961178248295864e-8	-3.616995142305096e-9	-6.098524714599436e-9	2.6532863362231598e-8	3.006894837669633e-9	1.1599277639197294e-8	2.4473349927765452e-9	2.3524368839719077e-8	-9.947643155823017e-10	2.52758168586725e-9	2.435183160284685e-8	-5.481761898962823e-9	-4.013507857121077e-9	1.808733783007521e-8	1.1896279197607389e-8	2.6210196078174025e-8	-4.485272833803807e-9	2.3396766431705055e-8	1.7951124692639904e-8	-5.0152573363529136e-9
2.050236901404676e-8	-2.8952748995813788e-9	1.9171525466987533e-8	8.944159865999492e-9	2.782438961583997e-9	-4.040309176134128e-9	1.9665523846455988e-8	-4.326839457443645e-9	1.583271715462014e-8	-2.5268946920811274e-9	-2.820565753226114e-9	1.718117222697726e-8	3.802801031811274e-9	-1.617042579563436e-9	-7.103563826140895e-10	1.2842603888007087e-10	-3.010034891546187e-9	7.563066244695193e-9	-4.3037765746938297e-10	-2.7879234763235865e-9	1.4682245614947884e-8	4.002202204812262e-9	1.2547681827815022e-8	1.510496734147846e-9	1.9355757513964475e-8	-4.386138127282916e-9	1.1667774677608701e-9	2.3268412838022876e-9	-3.793715329135561e-9	2.107032925533453e-9
2.0512967862847998e-8	2.2094080296106424e-8	2.0942794285812582e-8	3.4639368356598718e-9	1.7844968166669283e-9	-3.0921705859373657e-9	1.9388861666146128e-8	1.309685231601229e-9	1.1102206819550877e-9	-2.3491820553634546e-9	-2.337344789837108e-9	1.065931137637674e-9	-3.5901007718714363e-9	1.5846132705824615e-8	-3.4514040404029797e-9	-3.083547967571882e-9	1.891888035448813e-8	2.254023229134574e-9	2.292655126566882e-8	-2.9807646267620417e-9	1.7538483933559507e-8	-4.996078274622295e-9	2.0478920960484873e-8	-5.986202730651035e-9	1.184348687154727e-8	-4.61468304908634e-9	1.1321898630860048e-8	1.8489892098520855e-8	-4.280915415710175e-9	3.113730335874937e-9
2.1311142929799085e-8	-4.064333444823979e-9	6.372350864635518e-10	5.046567935855304e-9	1.1999202975865402e-8	1.567244836317366e-8	3.4604348621848627e-9	-3.619141114429214e-9	3.4274701965740198e-9	-3.3180686339858556e-9	7.410871717621158e-9	-3.5805983570976465e-9	2.666467152442111e-9	-2.2933010475454886e-9	1.6201018806478747e-8	1.5780391796183543e-8	1.5775283791804892e-8	-2.1910480602783577e-9	1.1200094737659985e-8	-3.2672743523117243e-9	1.5021879422961246e-9	-2.597588669086177e-9	3.6879105284732087e-9	-7.483001193533648e-10	-3.0407344374794752e-9	1.004528216285477e-8	-3.987947659096003e-9	2.001740828067354e-8	8.478933243916104e-9	-1.1636340841444414e-9
2.1605243316173274e-8	-4.368729977571569e-9	1.8188516253768926e-8	-5.892416945883346e-9	1.675391704514016e-8	-3.951032406886716e-9	8.924891752528423e-9	1.3680610999040163e-8	2.0629976967278243e-8	-3.9282058176972305e-9	-3.4599295194756663e-9	1.7974458509184195e-8	7.876019703387483e-9	-1.4511952541039158e-9	-4.147111074309526e-9	1.5688326685108216e-8	7.473421831168044e-9	2.5195150349069712e-8	9.99389948636384e-9	-2.564187880501949e-9	1.9366166581859363e-8	1.8840009947281177e-8	2.2023644040297324e-9	-1.3856253245437088e-9	-1.0866461620832387e-9	1.1101591761391793e-8	4.347978317326719e-9	1.3173943626311184e-8	4.094085858888208e-9	-2.4697655809856213e-9
2.1693961214268048e-8	2.0777748601830463e-8	-5.612900259709414e-9	2.2178709033052922e-8	-6.352320999529133e-9	1.8556312764470913e-8	-5.760441652403412e-9	1.7439583373353808e-8	1.4115057644950428e-8	5.530380516131177e-9	1.8885178556874847e-8	1.4567578475212183e-8	1.086539606057943e-9	0	-3.387339815382403e-9	1.1682723721659346e-8	1.4840164298805932e-8	-4.6583913708804665e-9	2.2781661880830514e-8	-5.666866412215527e-10	-3.1264295096477743e-10	-2.271565651565478e-9	1.1500425789906327e-8	2.0934892797065356e-8	-4.704306110816124e-9	-6.414154244878292e-9	2.42604689374479e-8	-5.376725601481902e-9	5.505961736784944e-9	1.9353828007337738e-8
2.2042485649162784e-8	-5.3213616777315316e-9	-1.0435166114524048e-9	7.396113694042516e-9	-1.2883294498207612e-9	-2.707662146575244e-9	1.153950765072964e-8	-4.218945820504547e-9	5.665309088868747e-9	1.4503495224182766e-8	1.8243358880726768e-8	1.327228904712912e-8	5.541099797057426e-9	2.8202752520743236e-9	-1.5387529739354665e-9	1.9888440303124326e-10	-7.836698631746057e-10	-3.1387317147796724e-9	1.877068828362987e-8	-2.5257621486343916e-10	-5.929992114378739e-10	-1.4901156432692612e-9	1.604715801811038e-9	-6.9196621501669275e-9	2.348734717987287e-8	-5.826085462402711e-9	-2.5583225890477423e-9	1.4673266281208414e-8	-4.314978035141419e-9	1.1400340773754736e-8
2.305552726515923e-8	-2.691910138979393e-9	-1.2156398975619198e-9	9.608353149751685e-9	1.2551280268944959e-8	-2.38265592178224e-9	6.372196850599085e-10	-2.326074495095884e-9	-1.3439529830981886e-9	-1.2647698924803847e-9	6.839879045239165e-9	1.8858649891858637e-8	-3.758386255257784e-9	3.5790204671516815e-9	-4.550606071030072e-9	2.0795071523606514e-8	-1.1763732716974053e-9	7.437190084778309e-9	1.6772704990799395e-8	-6.136865617678854e-9	1.5037282554176925e-8	9.276342671534794e-9	-5.370254814352709e-9	1.7696255927653583e-8	1.4727400309922614e-8	1.7366636583486113e-8	1.3477133909382898e-8	7.82943838996834e-9	-2.7185694453950383e-9	0
2.3231277025865998e-8	-4.4928533178081097e-10	1.914618955621357e-8	-3.4847582162516193e-9	4.91274412480671e-9	1.4913483358594705e-8	1.9140555353621237e-8	-5.077424105743835e-9	2.1344537460887443e-8	-4.09961615305434e-9	-4.8490457843280176e-9	2.624183142588311e-8	-3.760154071467483e-9	-2.9258714500802957e-9	1.9677885725049568e-8	-3.934564677583105e-9	6.592402960266234e-10	-4.540282808659648e-9	1.3333451535990325e-8	3.2212531311339524e-9	2.3619749717132608e-8	2.9044432498859944e-9	2.166780446084844e-8	1.8437472484391755e-8	-5.450818686597069e-9	1.1989256846262522e-8	6.882600834453955e-9	2.2232507074014774e-8	1.914768935233022e-8	2.3806876174016294e-8
2.4190374383036882e-8	5.111220998440364e-10	1.7289749519652935e-9	2.4210760825161717e-8	-1.9024590163460457e-9	3.887709934857888e-9	2.1936588132510116e-9	2.2263851150160918e-8	-1.549275435847893e-9	6.768751249804721e-10	-3.993437710794149e-9	1.584824236720859e-8	-6.748143388180588e-10	1.9704749878434423e-8	5.798500177051646e-9	-1.2084673464945865e-9	-2.0236305587827404e-9	2.219062144203674e-8	-4.276290300031052e-9	-1.3958088430579134e-10	1.0198243773134753e-8	-2.0202099868693e-9	1.3099267080320812e-8	1.5735486225991978e-9	-4.351913787689409e-9	1.7838758575445012e-8	1.2857730638721742e-8	4.813120592077184e-9	-3.2227963098003235e-9	4.1631317293796815e-10
2.4790980351895084e-8	7.696216295958956e-9	-1.5919010495894001e-9	-3.625446828564748e-9	2.0461933333453955e-8	1.2793793451207642e-8	-2.554946831966174e-9	1.1617812861034168e-8	2.5504017095567578e-8	-5.358950057840977e-9	3.6291444494418515e-9	6.525635938224648e-10	1.4658157544330158e-8	1.1296603997203234e-8	-1.1645225976914825e-9	1.602117747309347e-8	-5.042551546116912e-9	-7.738247806452273e-10	5.808863863393177e-9	1.4551720721920259e-8	-6.486575367119348e-9	2.530836848385833e-8	-4.240315354789395e-9	-5.354397675613298e-10	-5.656042912735278e-10	-3.5164453905237105e-9	2.4942152033844642e-8	2.0890153799878185e-9	-4.077237703509112e-9	2.0322796443060274e-8
2.54098141944178e-8	-6.052908976404115e-9	2.5722976705777002e-8	-5.4290041085428275e-9	8.308256276659282e-9	-5.859321413954454e-9	2.3521631660662692e-8	1.7039731178328787e-8	4.923222169423922e-9	1.27472380583098e-8	3.090749508575189e-9	1.5906589603373037e-8	1.0286145941067862e-8	-5.180962915906957e-10	2.1682423046349445e-8	1.2086279398080745e-8	1.6407273939174757e-8	1.1219903251714852e-8	2.274928205942769e-8	-7.048485605836943e-9	-3.3275414198646443e-9	1.2234144724238905e-8	5.417512023158594e-9	-2.0986069409268266e-9	-1.1218057391313583e-9	4.488068779707813e-9	2.4767852891068e-8	1.8636401103910932e-8	2.699450706737541e-9	-3.1341238282482827e-9
2.6713127753180694e-8	2.622244066065104e-10	6.715360352430771e-10	-6.1942454770373376e-9	2.2330322501819586e-8	7.151029406431214e-9	2.474411003995902e-8	1.3989210345908993e-8	7.2144884893422695e-9	5.98890659295106e-9	2.4328010186918917e-8	-3.54881328386909e-9	-3.2426121486956744e-9	2.2529825489355965e-8	-5.877448482481717e-10	5.36182192414221e-9	2.48997898407529e-8	1.931556425660004e-8	1.1846212861404293e-8	3.812510378699081e-9	3.790844321766672e-9	-6.1645407552373215e-9	2.2482292583809706e-8	-3.871058328933791e-9	1.7569443592652045e-10	1.8213576481628812e-9	-4.7695546565606194e-9	2.330448737197656e-8	2.3698356634715627e-9	2.2718380924237463e-8
2.691962825874529e-8	-7.025279659609699e-9	1.8927137039550584e-8	-4.072518138406674e-9	-1.4664402396426437e-9	1.181402069126739e-8	-2.7200909782047944e-9	1.1612673415249301e-10	2.7479410604915328e-8	-5.505368934813126e-9	2.1948350453655112e-8	2.1762805944492322e-8	-5.155994299843278e-9	-4.5165593672867895e-9	1.8548655735784542e-8	-4.057575727761705e-9	5.804697345531755e-9	2.4927424771485055e-8	2.2226165299905197e-9	2.6237542407487642e-8	-4.954816741551547e-9	2.5632925713513987e-8	-4.955457827813783e-10	1.730380304878699e-8	-1.1379435912803306e-9	7.025212460920776e-10	-5.681250209826655e-9	2.0588650748454913e-8	-5.2062680055807095e-9	3.097550516932546e-9
2.6955998596706567e-8	-4.211004119173313e-9	2.2256110707435545e-9	5.479109063944324e-9	2.243528929269959e-8	3.663567224729318e-9	-3.426334458407316e-9	1.4248535390993783e-8	3.072203889186518e-10	1.0090429321368065e-8	2.548296539591902e-8	1.3410684330206545e-8	1.1813131561440638e-8	-4.6255212941132145e-9	1.5016463050442197e-8	1.9788317402211074e-8	1.118968519703815e-8	2.340655530070655e-8	1.7651721540534497e-8	-1.0335405488067782e-9	2.913132194602509e-9	-9.84747515817541e-10	-2.337917041598085e-9	1.730712214427367e-8	2.6412313529186295e-9	-4.61768598676846e-9	2.676434858839184e-8	-5.464212572762723e-9	-2.634327826017642e-9	1.531690653359777e-8
