-2.0679489979173946e-6	-2.067948997917394e-6	-2.2047348562805924e-6	-1.9154004403731623e-6	-2.3572715146825333e-6	-1.7628523146639547e-6	-2.5091874823091765e-6	-1.6097921556323553e-6	-2.6632146150351285e-6	-1.4568237424836655e-6	-2.8164853580239178e-6	-1.3036503102321792e-6	-2.9697665865263383e-6	-1.1503165746128084e-6	-3.1223607402902988e-6	-9.97628178028727e-7	-3.275705567075259e-6	-8.444260510678467e-7	-3.4282787393693685e-6	-6.874164221994848e-7	-3.5852606933675494e-6	-5.348802998217732e-7	-3.737790278158848e-6	-3.822945184403545e-7	-3.890638176002649e-6	-2.294727754692001e-7	-4.043190715646697e-6	-7.652788666264211e-8	-4.196299428303409e-6	4.19629942830341e-6
-1.3451099044751175e-6	-1.3451099044751173e-6	-1.4338965940564633e-6	-1.2443018215200886e-6	-1.5345783742893947e-6	-1.144927917520989e-6	-1.634019011266323e-6	-1.0451730976026452e-6	-1.7326839645731855e-6	-9.471663380509125e-7	-1.8318892174599776e-6	-8.480049961591913e-7	-1.9299531427334346e-6	-7.483363301199623e-7	-2.029434482711193e-6	-6.504722287876787e-7	-2.1273285612333628e-6	-5.521595567664412e-7	-2.226689506241242e-6	-4.517864655778943e-7	-2.3267767378790467e-6	-3.50975509913932e-7	-2.4273442083750453e-6	-2.504824271478474e-7	-2.528292948685256e-6	-1.5035859311937334e-7	-2.628514149342305e-6	-5.035264354366007e-8	-2.7286000419735687e-6	2.728600041973569e-6
-1.3285548073113845e-6	-1.3285548073113845e-6	-1.420031736075493e-6	-1.2301167356185495e-6	-1.5184745707238638e-6	-1.1304622816808924e-6	-1.617920457410677e-6	-1.0313550458665798e-6	-1.7172337720932335e-6	-9.320515242037402e-7	-1.816636849716811e-6	-8.218740312684397e-7	-1.926712317901155e-6	-7.181626652271827e-7	-2.0304242779193144e-6	-6.188730785504521e-7	-2.1297952370566435e-6	-5.148458037173068e-7	-2.233741167787632e-6	-4.1346504326294743e-7	-2.318403984488555e-6	-3.327941870291559e-7	-2.4110851433682904e-6	-2.4089709820774717e-7	-2.501418164687167e-6	-1.5209642879796518e-7	-2.6007432420778253e-6	-5.345642995705612e-8	-2.699149474460865e-6	2.6991494744608654e-6
-1.087728479141444e-6	-1.087728479141444e-6	-1.1606784016914818e-6	-1.007077728367423e-6	-1.241463541862016e-6	-9.268072062084305e-7	-1.321791562554189e-6	-8.465077805846342e-7	-1.4020891113462312e-6	-7.662123980449708e-7	-1.4823789689212245e-6	-6.859247190286814e-7	-1.5626737068820764e-6	-6.055910053584638e-7	-1.643256879375006e-6	-5.250071744853478e-7	-1.7239407151090264e-6	-4.4433153195761887e-7	-1.8046164134011791e-6	-3.6319286843688275e-7	-1.885673308025214e-6	-2.826034621104467e-7	-1.966173342002573e-6	-2.0212626191632978e-7	-2.0463203055830505e-6	-1.2196185611957093e-7	-2.12744497622631e-6	-4.0926290425461015e-8	-2.2084772935154816e-6	2.2084772935154816e-6
-1.0876687750779807e-6	-1.0876687750779807e-6	-1.1695925728947903e-6	-9.985292474418013e-7	-1.2588166800411798e-6	-9.092400416214601e-7	-1.3480231441026955e-6	-8.2006185318793e-7	-1.4372126188288334e-6	-7.302236197434478e-7	-1.527021794450199e-6	-6.409386386525637e-7	-1.6161661010193753e-6	-5.519495552293766e-7	-1.7051958626614076e-6	-4.6243693304798685e-7	-1.7945886893837755e-6	-3.7352527224560486e-7	-1.8834986185294853e-6	-2.8455946893384623e-7	-1.972459464888332e-6	-1.9561625154197399e-7	-2.061445957703392e-6	-1.0667423060129861e-7	-2.1503873924622943e-6	-1.797788759915254e-8	-2.185359987679668e-6	-2.1484447657651136e-8	-2.2125670486360672e-6	2.2125670486360672e-6
-1.0345846891313605e-6	-1.0345846891313605e-6	-1.1101808475718553e-6	-9.500702698295798e-7	-1.194982921626392e-6	-8.650486733947035e-7	-1.280036288846708e-6	-7.804009716322073e-7	-1.3644870494522073e-6	-6.959978763797623e-7	-1.4312892989961121e-6	-6.293296811244939e-7	-1.5142039780827099e-6	-5.452407261520245e-7	-1.597307784155117e-6	-4.6313352845966125e-7	-1.6803757460047764e-6	-3.7871160702692367e-7	-1.7647935683270979e-6	-2.961874546677185e-7	-1.7977042099934389e-6	-2.623280554819668e-7	-1.8816331353023104e-6	-1.772200064755655e-7	-1.966902852791909e-6	-9.076971140682836e-8	-2.0532558184769676e-6	-2.5467821398275083e-8	-2.1031427293741943e-6	2.1031427293741943e-6
-9.564195317370568e-7	-9.564195317370566e-7	-1.0423982741117891e-6	-8.606538387612511e-7	-1.138159459448173e-6	-7.648994234093586e-7	-1.2339067541296925e-6	-6.691398058910094e-7	-1.329689058123743e-6	-5.733710834462745e-7	-1.425452682693328e-6	-4.776064783280736e-7	-1.521174038640407e-6	-3.8228245805513584e-7	-1.613929704607152e-6	-2.990662709464699e-7	-1.672489400237526e-6	-2.5528912650501667e-7	-1.721230401237373e-6	-2.0560997588839366e-7	-1.7718600151132975e-6	-1.5030004690105787e-7	-1.8285579881064894e-6	-9.566257886627308e-8	-1.867155881152801e-6	-6.523124895257951e-8	-1.914132275042354e-6	-2.029463097297469e-8	-1.9514307368128236e-6	1.9514307368128236e-6
-9.281542536193817e-7	-9.281542536193815e-7	-1.0066663600938032e-6	-8.406030269758914e-7	-1.094232692692869e-6	-7.506334592882001e-7	-1.1841603635248537e-6	-6.631728391205873e-7	-1.2716101068467586e-6	-5.738477416544895e-7	-1.3609393467703836e-6	-4.863466446587341e-7	-1.4484931878273783e-6	-3.978930053063546e-7	-1.5368756661290284e-6	-3.1047967018808603e-7	-1.6235819293526857e-6	-2.2369676427847054e-7	-1.7108482217195116e-6	-1.363390731096138e-7	-1.784398482691828e-6	-8.063311711366287e-8	-1.8353181126627204e-6	-2.763733973242024e-8	-1.8894889996634454e-6	-1.2112703648374193e-8	-1.8931468602393684e-6	-1.394121491470296e-8	-1.8907813555030192e-6	1.8907813555030192e-6
-9.21885101542859e-7	-9.218851015428589e-7	-9.92657245526137e-7	-8.431121222512037e-7	-1.0714302393933184e-6	-7.643404459377507e-7	-1.1502019017293168e-6	-6.855685727946189e-7	-1.2289737445813516e-6	-6.067659689416785e-7	-1.3077641459112555e-6	-5.280054580285909e-7	-1.3865154140413195e-6	-4.492565166621303e-7	-1.465282809192645e-6	-3.704907792037595e-7	-1.5439971718757416e-6	-2.9173994133983093e-7	-1.6227995662122532e-6	-2.1238211248742216e-7	-1.7004167123461423e-6	-1.3519372072417995e-7	-1.779307698578153e-6	-5.813468529677395e-8	-1.8412537539739163e-6	-9.57513435798456e-9	-1.8716070568765978e-6	-1.6375318885801495e-8	-1.8751106333422572e-6	1.8751106333422572e-6
-8.540129358602715e-7	-8.540129358602713e-7	-9.533286335986795e-7	-7.549122909307377e-7	-1.036102257202556e-6	-7.253396468512326e-7	-1.0513267560804707e-6	-6.734142703559721e-7	-1.1162106277870303e-6	-6.005063778557652e-7	-1.192687328120298e-6	-5.219210560671435e-7	-1.2676051484259148e-6	-4.5044189824716263e-7	-1.3448257488125742e-6	-3.5584600427618654e-7	-1.443165098996126e-6	-3.105202565250014e-7	-1.4745188102934616e-6	-2.4493015042051234e-7	-1.5464107538804076e-6	-1.6859460796964585e-7	-1.6183381834226565e-6	-1.0462891259905831e-7	-1.6815188203642407e-6	-8.072407844359043e-8	-1.6920177190886078e-6	-3.0087071764530234e-8	-1.7545542058465191e-6	1.7545542058465191e-6
-7.879574310809045e-7	-7.879574310809045e-7	-8.48829010514271e-7	-7.234721019744126e-7	-9.089368003067132e-7	-6.424139711023265e-7	-9.921563315318318e-7	-5.809816690365359e-7	-1.028284783152007e-6	-5.461702543086001e-7	-1.0873171013376418e-6	-5.231496763836101e-7	-1.1075022776828552e-6	-4.990045548312738e-7	-1.1353278271136773e-6	-4.3183471974180095e-7	-1.200577834513722e-6	-4.1982956976304544e-7	-1.2157885410477584e-6	-3.473392968480674e-7	-1.3042184389348323e-6	-2.459660166104404e-7	-1.4044830703868697e-6	-1.5252641102829186e-7	-1.495244812932131e-6	-7.252360461849232e-8	-1.5354907786527896e-6	-3.6434926129892156e-8	-1.6036056848975511e-6	1.6036056848975511e-6
-7.335503545818389e-7	-7.335503545818389e-7	-7.838057666587914e-7	-6.777861187971862e-7	-8.512903181144692e-7	-6.139595653042264e-7	-9.067359862495979e-7	-5.558031390970114e-7	-9.571252239218796e-7	-5.060659175862401e-7	-1.0191836469571132e-6	-4.45428098077454e-7	-1.0758775453021363e-6	-3.863561203909157e-7	-1.1349396522131889e-6	-3.267500223801901e-7	-1.194565418341623e-6	-2.675262571863935e-7	-1.254047047438929e-6	-2.0753235565713692e-7	-1.314068601660254e-6	-1.478824010067026e-7	-1.37379372239129e-6	-8.876107773551452e-8	-1.4093690624970055e-6	-6.494210080103021e-8	-1.4418484582788483e-6	-2.8481764866751746e-8	-1.4919691646218418e-6	1.4919691646218418e-6
-6.751278862318766e-7	-6.751278862318765e-7	-7.099791484523714e-7	-6.091013530396658e-7	-7.759647187952145e-7	-5.420589968259499e-7	-8.43038869628825e-7	-4.745991228510508e-7	-9.100779023060013e-7	-4.066750845860883e-7	-9.69792473433469e-7	-3.4887699942762337e-7	-1.0352714974125985e-6	-2.718589434794162e-7	-1.03916598274769e-6	-2.629527091606758e-7	-1.0519085061568739e-6	-2.5899864987591576e-7	-1.1251491446760638e-6	-1.9447737467383124e-7	-1.1885184021162248e-6	-1.2725361157786997e-7	-1.2572075659919573e-6	-6.105642541009711e-8	-1.2744878539298672e-6	-3.916702063917119e-8	-1.3358977008611662e-6	-1.3323384073442405e-8	-1.353364044347946e-6	1.353364044347946e-6
-6.345494112120867e-7	-6.345494112120867e-7	-6.956170477726285e-7	-5.665049642229804e-7	-7.636614846927276e-7	-4.984693789734117e-7	-8.280116878977009e-7	-4.427635980031162e-7	-8.775596522762405e-7	-3.915077704774263e-7	-9.305427447358986e-7	-3.3890759259270364e-7	-9.865447259253167e-7	-2.8410375310364435e-7	-1.0363283783362545e-6	-2.3465616998886698e-7	-1.0856453418102244e-6	-1.8536762324285166e-7	-1.1271104611912644e-6	-1.484335100316948e-7	-1.1424056105462756e-6	-1.3659002933999337e-7	-1.177568532501223e-6	-9.718304584351209e-8	-1.1992894621004414e-6	-7.98181128254809e-8	-1.2430765228254495e-6	-2.643791035900059e-8	-1.2961428485657953e-6	1.2961428485657953e-6
-6.198112993920906e-7	-6.198112993920905e-7	-7.066378952295184e-7	-5.232378439602347e-7	-7.994346013858546e-7	-4.3120157746487095e-7	-8.964023701466274e-7	-3.3200903811473466e-7	-9.94599848212026e-7	-2.3412673458583716e-7	-1.0658974143908216e-6	-1.796389814253445e-7	-1.1302400378451888e-6	-1.2515249513409217e-7	-1.1689783738297176e-6	-1.2949276586384393e-7	-1.1617840492323298e-6	-9.758457577711602e-8	-1.2035751044124958e-6	-9.79456286228994e-8	-1.1937496460420988e-6	-5.79643535451722e-8	-1.2258414150672252e-6	-1.698570557967091e-8	-1.2409917580857452e-6	-1.4325511531436564e-8	-1.2306984418851112e-6	-2.277576520617206e-8	-1.277626871795782e-6	1.277626871795782e-6
-6.19751543599421e-7	-6.19751543599421e-7	-6.764519048423814e-7	-5.565702052525817e-7	-7.387773121739005e-7	-4.941960743341348e-7	-8.011432219132207e-7	-4.318592197995274e-7	-8.421658867535182e-7	-4.0071583316531677e-7	-8.910310937463728e-7	-3.459385091777632e-7	-9.456724008611279e-7	-2.9123961128972934e-7	-1.0016508497092003e-6	-2.3830716158282248e-7	-1.049508585245532e-6	-1.9129426542739086e-7	-1.0919021919066322e-6	-1.5406890575535738e-7	-1.1340732536483626e-6	-1.0563634025350802e-7	-1.1834829788590206e-6	-5.6012681134720426e-8	-1.2232016795016528e-6	-2.3102491374303848e-8	-1.230365736674256e-6	-1.580088055158078e-8	-1.2643097636329357e-6	1.2643097636329357e-6
-6.156850572495681e-7	-6.156850572495681e-7	-6.685552800552625e-7	-5.558159650874863e-7	-7.286608264225e-7	-4.966837150219757e-7	-7.812454141597136e-7	-4.495790698182399e-7	-8.233189488737105e-7	-4.112081811699142e-7	-8.542204294305571e-7	-3.8590862124755673e-7	-8.845530204011274e-7	-3.543962035188617e-7	-9.2916833810744e-7	-2.964703921462311e-7	-9.870942775016357e-7	-2.385499513286568e-7	-1.045440171669335e-6	-1.8022523273939802e-7	-1.0997015313791944e-6	-1.2785117525202938e-7	-1.1547955365442717e-6	-7.416573355986289e-8	-1.1901312399961213e-6	-7.687248911322995e-8	-1.2039466789591932e-6	-2.5022930356994218e-8	-1.2547318962728155e-6	1.2547318962728155e-6
-5.786724541182745e-7	-5.786724541182745e-7	-6.158915416282958e-7	-5.39708325484738e-7	-6.615528815120884e-7	-4.875076474602338e-7	-7.195997114249814e-7	-4.253790688075108e-7	-7.855451736246172e-7	-3.6001763312326644e-7	-8.465601660546235e-7	-2.993330714121473e-7	-9.070357797690643e-7	-2.3815027063018073e-7	-9.6217511321957e-7	-1.8930327912417727e-7	-1.0111448338847916e-6	-1.4021879893632356e-7	-1.0553438818034172e-6	-1.0104877751125637e-7	-1.080720335401301e-6	-7.700549193156939e-8	-1.0938988793923117e-6	-6.480221830154014e-8	-1.1283889553189184e-6	-2.875234079416082e-8	-1.1369000802805989e-6	-1.9247722067984312e-8	-1.1759794948148599e-6	1.1759794948148599e-6
-5.038414925783687e-7	-5.038414925783687e-7	-5.442642758469351e-7	-4.615891554925304e-7	-5.880856511791331e-7	-4.1621481584061486e-7	-6.033541412129881e-7	-4.0848347736655703e-7	-5.992343845492292e-7	-4.063498894009842e-7	-6.080033825465625e-7	-4.160175386840017e-7	-6.378219410028996e-7	-3.551966324595194e-7	-7.057579821342887e-7	-2.8520817304898057e-7	-7.748063661412695e-7	-2.180873868819832e-7	-8.407628327433639e-7	-1.5194073968300314e-7	-9.08709008625987e-7	-8.620122673610446e-8	-9.564778252712619e-7	-4.148925844780149e-8	-1.0161108701648683e-6	1.6622001917855958e-8	-1.0460468257053982e-6	2.4134150174362286e-8	-1.0260876320457688e-6	1.0260876320457688e-6
-5.027531763622045e-7	-5.027531763622045e-7	-5.660063373629947e-7	-4.42016440602569e-7	-6.267878606261871e-7	-3.8010124088754655e-7	-6.886583212554652e-7	-3.183641674675231e-7	-7.434085819554633e-7	-2.7033745143932136e-7	-7.677671704346824e-7	-2.567076623037811e-7	-8.032048579790124e-7	-2.101033637549397e-7	-8.461832101980741e-7	-1.6887661862612218e-7	-8.548731805329555e-7	-1.5963130743223293e-7	-9.00572962777959e-7	-1.082052226218655e-7	-9.18510201141404e-7	-9.348350876978373e-8	-9.640059596997821e-7	-7.130507075675704e-8	-9.799400017854323e-7	-5.3553940599511125e-8	-1.0002414561690654e-6	-1.966577122346463e-8	-1.0375458834905919e-6	1.0375458834905919e-6
-4.932586672587933e-7	-4.932586672587932e-7	-5.611619791533622e-7	-4.197476401005515e-7	-6.346582442824766e-7	-3.4638081711703556e-7	-7.081431839013879e-7	-2.72607161315026e-7	-7.818222968440242e-7	-2.0038683673312954e-7	-8.535294317207215e-7	-1.604530954715816e-7	-8.852509221722541e-7	-1.0468367651151613e-7	-9.335285909371897e-7	-6.002895938166205e-8	-9.427587706272017e-7	-5.21637620370212e-8	-9.890482767460981e-7	-5.748310419900823e-9	-1.01959706022529e-6	2.0411785142102607e-8	-1.0239609015565521e-6	2.352115036773287e-8	-1.0423287885079282e-6	1.674802479523032e-8	-1.0469296034291442e-6	1.5175477888182637e-8	-1.0182888153330504e-6	1.0182888153330504e-6
-4.883802375506598e-7	-4.883802375506598e-7	-5.389340822681422e-7	-4.3288692702247356e-7	-5.767215371051034e-7	-3.9892050209243384e-7	-6.308885354177074e-7	-3.40878736757444e-7	-6.89961063159389e-7	-2.8278298247843e-7	-7.216892477405698e-7	-2.546393911621599e-7	-7.706776907476333e-7	-2.0288557530806186e-7	-8.223987261828208e-7	-1.5130511088698801e-7	-8.750765174397566e-7	-9.78566995372274e-8	-9.286524305202066e-7	-4.2728901354516584e-8	-9.770323679891495e-7	-2.231481747032732e-9	-1.0220038091026564e-6	1.1516067729970827e-8	-1.0074344118365974e-6	3.024012286471171e-8	-1.0209064617818411e-6	2.0438662347392938e-8	-9.997191757665158e-7	9.997191757665158e-7
-4.784683473116514e-7	-4.784683473116514e-7	-5.281058562680115e-7	-4.2260541716832037e-7	-5.874876412014723e-7	-3.62839314120725e-7	-6.365649549988299e-7	-3.4617673619535726e-7	-6.599810407501329e-7	-2.893636758563311e-7	-7.124240248569532e-7	-2.399898459451045e-7	-7.685067126868799e-7	-1.8704814431036898e-7	-8.129266072772777e-7	-1.455296609086301e-7	-8.270347927041444e-7	-1.352623253197701e-7	-8.655309827991273e-7	-1.260195126023293e-7	-8.692785170585137e-7	-9.360286327031749e-8	-8.811098099239399e-7	-8.135132986077898e-8	-9.189567659569848e-7	-3.80975661764448e-8	-9.427118400173547e-7	-2.3366209663840906e-8	-9.792661114966341e-7	9.792661114966341e-7
-4.2391964970973637e-7	-4.239196497097363e-7	-4.936432315414348e-7	-3.4626917735001876e-7	-5.710810575225814e-7	-2.687708711576653e-7	-6.488655861581147e-7	-1.9184474746467168e-7	-6.883111521257425e-7	-1.9642886064215946e-7	-6.936143376456967e-7	-1.7079378321845278e-7	-7.019100438472708e-7	-1.6181117704422237e-7	-7.297683701391029e-7	-1.4159245589590886e-7	-7.539102834603099e-7	-1.3366834789712112e-7	-7.61400030869778e-7	-1.2399846408749113e-7	-7.565348554689379e-7	-1.0410269845965425e-7	-7.972723018956997e-7	-5.860050104227034e-8	-8.405299286860982e-7	-1.7595705622631923e-8	-8.68282794459463e-7	-2.438754485247562e-8	-8.786347099652029e-7	8.786347099652029e-7
-4.2204863109234936e-7	-4.2204863109234936e-7	-4.3168777399689763e-7	-4.1167820443609887e-7	-4.718437696421058e-7	-3.692540915216779e-7	-5.027577802661923e-7	-3.544870651202023e-7	-4.985124771984693e-7	-3.461156130917353e-7	-5.341786013927524e-7	-3.1077803817972473e-7	-5.702971596206978e-7	-2.72845610716923e-7	-5.825240906323048e-7	-2.6102410618272873e-7	-6.264458239686607e-7	-2.1117776320535295e-7	-6.74225212006365e-7	-1.6554759051106994e-7	-7.101640214650908e-7	-1.3553380193483751e-7	-7.526322042914675e-7	-8.519815772691065e-8	-8.013647810409722e-7	-3.6876314610843964e-8	-8.229150597048793e-7	-2.1463818590363016e-8	-8.626026562991452e-7	8.626026562991452e-7
-4.124652895560248e-7	-4.124652895560248e-7	-4.1120748171445663e-7	-4.0918109712149377e-7	-4.467792032301297e-7	-3.668073284674156e-7	-4.875097675339235e-7	-3.2931917033820823e-7	-5.117622619255054e-7	-3.230889915854691e-7	-5.363866317312693e-7	-2.7645388925881287e-7	-5.616952570435529e-7	-2.7580948064101627e-7	-5.74646777481272e-7	-2.4691802212278284e-7	-6.086559847675979e-7	-2.0645206995061342e-7	-6.218312968186913e-7	-2.1202001803522376e-7	-6.474280754806255e-7	-1.6528632209112756e-7	-6.974355804534837e-7	-1.1183046687055545e-7	-7.489735127825342e-7	-6.239843172767717e-8	-7.963010256424625e-7	-1.7712025034330985e-8	-8.361663180633757e-7	8.361663180633757e-7
-4.0276173330840753e-7	-4.0276173330840753e-7	-4.1640722408899515e-7	-4.145037121693424e-7	-4.505954093408459e-7	-3.5329555848477797e-7	-4.7109035071006085e-7	-3.7493526718204186e-7	-4.874909948051769e-7	-3.3218310657227896e-7	-4.851964954330294e-7	-3.2654405829216667e-7	-5.293515092510044e-7	-2.7639604421609394e-7	-5.904437886287201e-7	-2.0926721347916508e-7	-6.600021455918817e-7	-1.4170193742994724e-7	-7.1469163959788e-7	-1.4488033070933354e-7	-6.701164039753511e-7	-1.8635719184987666e-7	-6.675996260267345e-7	-1.5352879126786462e-7	-7.173130216638441e-7	-7.885218244528658e-8	-7.878829581842857e-7	-2.169403440448029e-8	-8.363089018402257e-7	8.363089018402257e-7
-3.9402270023909615e-7	-3.9402270023909615e-7	-4.145695671305279e-7	-3.704393454934404e-7	-4.56423141935435e-7	-3.2458274245622445e-7	-4.64551252537457e-7	-3.1267598347880724e-7	-5.212367545731632e-7	-2.5575715925558825e-7	-5.779861699034138e-7	-1.9911030755944826e-7	-6.006697114271902e-7	-1.9271376469472957e-7	-6.312110015816541e-7	-1.5567435879322502e-7	-6.701623849994378e-7	-1.0733102335782855e-7	-6.839264386591214e-7	-1.0028720177710772e-7	-7.150167066731317e-7	-7.6383489204431e-8	-7.263775367947552e-7	-6.161305417629456e-8	-7.564954881380515e-7	-3.820147067974407e-8	-7.782316318588334e-7	-2.55139520742168e-8	-8.054595605258514e-7	8.054595605258514e-7
-3.7298295786656836e-7	-3.7298295786656836e-7	-4.1193075656541434e-7	-3.183710667499302e-7	-4.6684910793449367e-7	-2.649891506226872e-7	-5.112543804740422e-7	-2.4618476698407703e-7	-5.398704129664948e-7	-1.919769046656502e-7	-5.792091911006583e-7	-1.6326705449184253e-7	-6.177936068060693e-7	-1.1725641427220758e-7	-6.457174205444145e-7	-9.333680414750213e-8	-6.592722711755419e-7	-1.0255191947811926e-7	-6.706861295967512e-7	-7.264067313897385e-8	-6.994939849680636e-7	-4.079730943428691e-8	-7.09166592066815e-7	-5.969962763621407e-8	-7.220735260237874e-7	-1.4463907127534707e-8	-7.538123596066933e-7	-1.9150435182577005e-8	-7.591024380162906e-7	7.591024380162906e-7
-3.405411187298781e-7	-3.4054111872987806e-7	-3.89511571706881e-7	-2.857312808581176e-7	-4.444958035615778e-7	-2.3228147217715478e-7	-4.930620958921339e-7	-1.8744692881369164e-7	-5.246459420782409e-7	-1.607709709133196e-7	-5.482479650121065e-7	-1.5179264542001272e-7	-5.609911693010017e-7	-1.2879992986878176e-7	-5.800732624031318e-7	-1.305144899583318e-7	-5.83757382083092e-7	-1.1475406650279759e-7	-6.00816637362772e-7	-8.796043259851895e-8	-6.318972430894773e-7	-8.035429226441655e-8	-6.506843401623408e-7	-2.449772061265103e-8	-6.881503540510366e-7	-2.067908662337699e-8	-6.935314387301691e-7	4.705129422872827e-10	-7.031109956046398e-7	7.031109956046398e-7
-3.131283674952647e-7	-3.131283674952647e-7	-3.092630135617174e-7	-2.643040933139224e-7	-3.4494282087297415e-7	-2.6164410779681996e-7	-3.483764363952849e-7	-2.74008666282746e-7	-3.4569102537598933e-7	-2.2961775161723795e-7	-3.9798943369754724e-7	-2.1408537832441166e-7	-3.9234765258741353e-7	-2.0094001675092822e-7	-4.2464084744685734e-7	-1.946439094842214e-7	-4.174996945969251e-7	-2.070965787238847e-7	-4.22861931962116e-7	-1.8776868137272547e-7	-4.455420328697531e-7	-1.255080379248314e-7	-5.042852786261212e-7	-7.320982269923572e-8	-5.345163298098727e-7	-9.127194083321969e-8	-5.348437928133466e-7	-3.705456798652629e-8	-6.036324724971634e-7	6.036324724971635e-7
-3.090140276161337e-7	-3.090140276161337e-7	-3.6379972320464005e-7	-2.4922977668799764e-7	-3.924004508136152e-7	-2.235635956197051e-7	-4.4928869368531704e-7	-1.660029459250446e-7	-4.835966107348373e-7	-1.3078871404340704e-7	-5.027550428057352e-7	-1.1192934817608918e-7	-5.603072412144782e-7	-5.6647919119512686e-8	-5.664364837672688e-7	-4.6829243320846244e-8	-6.258212908654243e-7	9.440700905660755e-9	-6.726189417658461e-7	5.045337759624383e-8	-6.829857217385116e-7	5.677239619385775e-8	-6.779476218053048e-7	3.8469240663941577e-8	-6.616630819101259e-7	4.1775747302403724e-8	-6.602114864645494e-7	3.034497083533216e-8	-6.429207607756675e-7	6.429207607756675e-7
-2.960326143209185e-7	-2.960326143209185e-7	-3.0003817416279843e-7	-2.948097008913947e-7	-3.201844755428516e-7	-2.5550932230746117e-7	-3.652557318432141e-7	-2.063168190794546e-7	-3.91423018328361e-7	-2.1537588629774586e-7	-3.9715002740917496e-7	-1.8540579449038777e-7	-4.1015752384896755e-7	-1.657888030790065e-7	-4.4958905889380443e-7	-1.2294736242489291e-7	-4.692360366814644e-7	-1.3151460627328176e-7	-4.927092232929291e-7	-7.565995170327234e-8	-5.244610215058404e-7	-6.067625181651032e-8	-5.197455753947309e-7	-9.090378473504764e-8	-5.2304561689909e-7	-6.145646651356423e-8	-5.555034733276838e-7	-2.019149187007415e-8	-5.961974322953755e-7	5.961974322953755e-7
-2.7586801045275476e-7	-2.7586801045275476e-7	-2.9795394457763153e-7	-2.3800631002604884e-7	-3.1767199864089235e-7	-2.4036369648329935e-7	-3.161762569338723e-7	-2.4433611833466306e-7	-3.6940063917753647e-7	-1.7657378268128073e-7	-3.722058073098367e-7	-1.8705888788068882e-7	-4.2297666665661435e-7	-1.2647053115037973e-7	-4.790736219347089e-7	-7.765958798372967e-8	-4.577245637065251e-7	-9.229674158504703e-8	-4.790343629702821e-7	-8.074919480129713e-8	-4.786396692110102e-7	-8.69392791663565e-8	-4.714512936718682e-7	-8.452542116261057e-8	-5.215466040252854e-7	-4.512802393907223e-8	-5.591001362315115e-7	4.897220389607766e-9	-5.802013496501571e-7	5.802013496501571e-7
-1.979327341899813e-7	-1.9793273418998128e-7	-2.19964166765602e-7	-1.964105390060736e-7	-2.268962854016082e-7	-1.607729203446199e-7	-2.4158847904924154e-7	-1.8112257050533565e-7	-2.0288960450440318e-7	-1.8864007134609324e-7	-2.3743018658799652e-7	-1.4705533353212897e-7	-2.8334821630023283e-7	-9.706690482425507e-8	-3.319146250067847e-7	-4.947926160789268e-8	-3.4280862179076975e-7	-6.288372303942856e-8	-3.536708893143013e-7	-5.765820145392776e-8	-3.7100284367728206e-7	-1.0637228286007432e-8	-3.853073492004907e-7	-1.8369939903146923e-8	-3.6698440419503453e-7	-1.940877697278801e-8	-3.67023600318312e-7	-1.9392337965348386e-8	-4.0550317392654504e-7	4.0550317392654504e-7
-1.911971191247678e-7	-1.911971191247678e-7	-1.6180403194650293e-7	-1.9714620376440973e-7	-1.5493353793393648e-7	-2.152332264842753e-7	-1.6292438399037104e-7	-2.1357485806388806e-7	-1.685974418043522e-7	-1.8768998383514923e-7	-1.8940897615037222e-7	-1.8181024809924562e-7	-1.6719729712366398e-7	-1.8662638952802147e-7	-2.000227652173501e-7	-1.4775161300044311e-7	-2.0415349419176975e-7	-1.7160640841527067e-7	-2.0751092305945033e-7	-1.652821899967051e-7	-2.0351030594590593e-7	-1.456817800320295e-7	-2.408206402148117e-7	-1.1056794555191024e-7	-2.747518859522108e-7	-7.9551669256172e-8	-3.1676064801988035e-7	-2.4741350875623997e-8	-3.68830318116162e-7	3.68830318116162e-7
-1.5345329722291232e-7	-1.534532972229123e-7	-2.162248220553057e-7	-9.161007700905507e-8	-2.7802095051781353e-7	-2.9425518097880404e-8	-2.997858876171529e-7	-2.6397155440959077e-8	-2.9135915345376813e-7	-3.514915008535153e-8	-3.12236046132005e-7	-1.177018942748567e-8	-3.3629955014962384e-7	-2.1503886377256218e-8	-2.970088955912758e-7	-5.6675029975596954e-8	-2.944340810212939e-7	-2.7630455341024715e-8	-3.0400828412821903e-7	-5.210878840751422e-8	-2.9658045740021893e-7	-6.308525954167766e-8	-2.831272500840028e-7	-6.462777262952437e-8	-2.907557775258845e-7	-3.07490356126089e-8	-3.0736542334719436e-7	-1.2925897188001682e-8	-3.384675373985665e-7	3.384675373985665e-7
-1.5192596170129007e-7	-1.5192596170129005e-7	-1.7392256593054267e-7	-9.432471161341747e-8	-1.8278696212627626e-7	-7.824147639917714e-8	-2.405142273285636e-7	-5.843897006404502e-8	-2.3076623955646193e-7	-2.6625859087025873e-8	-2.4352194878471247e-7	-3.324723532978637e-8	-2.6148607354512996e-7	1.2711444762123064e-9	-2.5724407720648854e-7	3.6084005395078122e-9	-2.571039792661989e-7	-2.3791157783643018e-8	-3.068381359763761e-7	7.613054891418388e-10	-3.1758408713458164e-7	-6.4953657421951195e-9	-2.5640667141873937e-7	1.74534960146549e-9	-2.733974389262026e-7	7.581675190844593e-9	-2.8823422776331254e-7	-2.7438766851973935e-8	-2.956418425169341e-7	2.9564184251693413e-7
-1.315351956404401e-7	-1.315351956404401e-7	-1.3153061137291778e-7	-1.2466692816323385e-7	-1.6154942199691615e-7	-1.0960978624282962e-7	-1.5017149884326834e-7	-1.1625587770354977e-7	-1.8975578756813868e-7	-7.621299427428465e-8	-1.949526149870418e-7	-5.960486242193227e-8	-2.0144775084782475e-7	-5.3782216913421816e-8	-2.2124854979607047e-7	-4.265212882819274e-8	-2.19924263799218e-7	-4.827221694110695e-8	-2.1878245098104023e-7	-3.978183396841307e-8	-2.26479665681404e-7	-4.0225773660492234e-8	-2.653161734420498e-7	-8.482846762186135e-9	-2.647942462326301e-7	1.8297358466020105e-9	-2.6694732633358834e-7	6.13667624024362e-9	-2.856913669725852e-7	2.856913669725852e-7
-1.2451113924398223e-7	-1.245111392439822e-7	-1.570377107460243e-7	-8.691085529257067e-8	-1.5614701064317053e-7	-8.981222545183982e-8	-2.0089561776625402e-7	-4.043673647603506e-8	-2.246318878937211e-7	-5.538127729603286e-8	-2.212762345733259e-7	-4.087341780269294e-8	-2.393616864565695e-7	-3.264301171758954e-8	-2.1243345407162178e-7	-3.6628759468175627e-8	-2.1222899828646427e-7	-3.3323048985383685e-8	-2.539639690756417e-7	9.203425878920955e-9	-2.587028432519024e-7	-2.3783894654737144e-8	-2.2022887516449383e-7	-6.596794296358636e-8	-2.2272835419763433e-7	-2.00609094367211e-8	-2.396644146669538e-7	-2.6666609810825658e-8	-2.660203828790023e-7	2.6602038287900236e-7
-1.1100931438252321e-7	-1.1100931438252321e-7	-1.2662727974996267e-7	-1.0858128075013131e-7	-1.3751300052594176e-7	-1.0369884545088942e-7	-1.1161070673107619e-7	-1.0868635382035731e-7	-1.3565943514173844e-7	-1.0098426183157589e-7	-1.4773908957556148e-7	-6.983616573881673e-8	-1.683057627161086e-7	-5.229199367176115e-8	-1.7760446030920748e-7	-3.513103260982224e-8	-2.1370862554153287e-7	-1.9633076126354137e-8	-2.310341101637499e-7	1.8536372512312126e-8	-2.4278422857072073e-7	-1.0234353227647246e-8	-2.0260806895514365e-7	-3.101586451185141e-8	-1.8435486547036271e-7	-5.5086186263619914e-8	-1.889083588065643e-7	-2.6473027092545047e-8	-2.3383007232569292e-7	2.3383007232569295e-7
-8.916605674113374e-8	-8.916605674113374e-8	-8.942056791678866e-8	-9.536267169196635e-8	-8.180023730028449e-8	-1.3953769282107272e-7	-2.998070546749635e-8	-1.852268764942201e-7	-8.140975693820528e-9	-1.7226048034435257e-7	-1.1927201695867225e-8	-1.6818999362640072e-7	-2.7932327718390053e-8	-1.4902834302723674e-7	-7.381858416020353e-8	-9.430784007936972e-8	-1.2615614925022382e-7	-4.442336218757307e-8	-1.3721110693037936e-7	-3.770697879808209e-8	-1.4172673733493777e-7	-6.177422740478116e-8	-1.3228621583749936e-7	-6.996510300445412e-8	-1.5057796109612003e-7	-2.0320603591808814e-8	-1.8623104882174212e-7	-1.1909605358794824e-8	-1.9574137387656667e-7	1.9574137387656667e-7
-6.185604857210815e-8	-6.185604857210826e-8	4.663497682048998e-9	-1.5194880028842652e-7	3.957077375259686e-8	-1.328958498459152e-7	7.665108817530034e-8	-1.8660540237110003e-7	5.662548015908918e-8	-1.3188793043531626e-7	1.434005188672392e-8	-1.3848459256935163e-7	2.6607143862409815e-8	-1.4569508289143133e-7	7.943177265619731e-8	-1.49033174711773e-7	7.398069689850759e-8	-1.6528240963546287e-7	3.4052144671518985e-8	-1.0584386996452675e-7	-2.3251350335644104e-8	-5.722830253840467e-8	-1.2878013669195057e-8	-5.572150361944816e-8	-7.106141776411036e-8	-1.0404815808728337e-8	-5.569194856434935e-8	-2.074489450234782e-8	-1.0317805462599442e-7	1.0317805462599444e-7
-3.9303991250361717e-8	-3.9303991250361717e-8	-7.246073660624881e-8	-3.9300708327870746e-8	-8.05171299654458e-8	-5.329328739689107e-9	-7.551290791988324e-8	-7.934412191881728e-9	-1.2248983587979765e-7	4.2109101535327045e-8	-1.5946351519192196e-7	6.095393136674956e-8	-1.7220298591029336e-7	5.5151767582109395e-8	-1.675249329274206e-7	7.645345750271041e-8	-1.6468972282331647e-7	4.494913154586412e-8	-1.665710391309639e-7	7.634691744973232e-8	-1.58576508223012e-7	2.7711776809227642e-8	-1.0753803732566606e-7	-3.998148291562665e-9	-9.913762184270405e-8	-1.5194137507677152e-8	-8.937945403015829e-8	-1.2832967285249207e-8	-1.0542199236185245e-7	1.0542199236185245e-7
-2.726870769755848e-8	-2.7268707697558482e-8	-1.7331789125049037e-8	-1.5348834536336134e-8	-2.643055147607484e-8	-1.6359802934906592e-8	-2.3430769129430167e-8	-5.239395697330021e-9	-2.6635606556641063e-8	-1.0614513821513828e-8	-2.0237919722582416e-8	-3.318788200691978e-10	-3.5158714679586735e-8	-2.6835609311279735e-8	-6.498347980420661e-8	1.13554005821059e-9	-4.616032067650372e-8	9.57826856262047e-10	-6.954512777109827e-8	1.014726471598687e-8	-5.8579479594909887e-8	1.6325098939456824e-9	-4.812885150911477e-8	1.7159706709150557e-8	-4.9924047789508494e-8	-1.4643607222741227e-8	-8.74416159208702e-8	3.81045864484367e-8	-7.484664888362391e-8	7.484664888362383e-8
-9.529155204701771e-9	-9.529155204701763e-9	-4.930472186729094e-8	3.7765966025420056e-9	-3.1880818672850813e-8	7.062863529090325e-9	-3.2983332628839945e-8	8.914417498848548e-9	-6.442099059776394e-8	9.932084552963205e-9	-4.77658532872728e-8	2.367776987144654e-8	-6.683131993884559e-8	4.925657514525385e-8	-9.628278305241649e-8	5.81874612388846e-8	-7.900641455725802e-8	5.7479512137921335e-8	-7.675708910349285e-8	1.9063064677916345e-8	-3.1417042903793594e-8	-2.8380112722343294e-8	1.184221138283661e-8	-3.503028432495472e-8	2.7211027164087927e-8	-5.524966885534472e-8	4.987672368473614e-9	-2.282521880962689e-8	-3.843393963864279e-8	3.8433939638642814e-8
1.9333440466137507e-8	1.9333440466137507e-8	2.045403195574757e-8	2.974196582858581e-8	3.2354238893720327e-9	1.5921842650869405e-8	3.371725008351597e-8	8.302120855486858e-9	2.524658696067494e-8	1.0844068914952654e-8	1.5740904466626117e-8	3.622916013056777e-8	1.2801704295326513e-8	2.0469888170297557e-8	-1.9800819751357232e-9	2.1691680769080324e-8	3.219058227745698e-8	1.4859157017167405e-8	1.2309462365670618e-8	1.5872017284057995e-8	3.2937523578321595e-8	1.7427599407287e-8	1.3632706033092096e-8	2.4008584826875072e-8	1.4294243753158804e-9	3.287205914328152e-8	7.278060131367316e-9	1.6564690922568778e-8	3.4594194612441357e-8	-3.4594194612441357e-8
4.235097384333041e-8	4.23509738433304e-8	8.047981280511011e-8	3.1697787748233196e-8	8.19709058561583e-8	3.763220633601889e-8	8.105546836381318e-8	1.2727333725080284e-8	8.150678592185281e-8	2.8178205768977086e-8	8.639971884091361e-8	3.3447664311306805e-8	6.55237760043413e-8	2.2927769544629868e-8	9.613253447217426e-8	1.039615072568714e-8	9.793063428700594e-8	2.0907033018051245e-8	6.69487449214949e-8	1.9961269697434556e-8	7.713749267196768e-8	4.274786873999284e-8	7.547096789139989e-8	4.381462754874893e-9	1.2131770123126514e-7	-2.19909085282463e-8	1.1346915135084273e-7	-2.249549743640279e-8	1.0271116998946657e-7	-1.0271116998946656e-7
4.486104586248256e-8	4.4861045862482575e-8	2.8294467797423652e-8	2.6993778120728842e-9	2.5228980195669998e-8	4.7219073504621785e-8	2.8613251274908136e-8	4.980584818539839e-8	3.278563010857774e-8	5.797078367254506e-8	4.7292261228131746e-9	2.886072670746643e-8	3.801096332889284e-8	2.5532584815659748e-8	5.102313323768996e-8	2.101493548263214e-8	5.2833694566280605e-8	-1.869203204109203e-8	5.325795513391689e-8	1.8536122683934653e-8	5.2366629079056536e-8	1.877229356496843e-8	4.047491084086772e-8	4.3349600631131164e-8	2.937665958097912e-8	6.240252607148789e-9	4.2090312203330625e-8	2.5479928046815687e-8	5.3303221549299747e-8	-5.3303221549299766e-8
5.019469105666068e-8	5.0194691056660685e-8	3.1232395601723035e-8	6.750140605157574e-8	3.98412096989756e-8	5.936950915776987e-8	3.689512279350838e-8	5.833103165979189e-8	-2.4258383532793706e-9	7.719204198676073e-8	2.6123888794811097e-8	9.06933195898565e-8	3.661788560183605e-9	4.872910058482924e-8	5.248587755384841e-8	1.78683542385668e-8	6.647159743583147e-8	2.2475074009265936e-8	9.034815982207031e-8	1.3049637617347153e-8	9.628750453064071e-8	7.857879001439555e-9	8.463913135134705e-8	4.123982811979003e-9	6.201387302690644e-8	3.932440874591866e-8	5.981828376743385e-8	2.7100293113581284e-8	7.572334634453583e-8	-7.572334634453587e-8
1.2505857427450797e-7	1.2505857427450797e-7	8.762080775795011e-8	1.6547410707726273e-7	9.562627435886122e-8	1.66493269936124e-7	9.487391972159906e-8	1.6838137535414714e-7	8.963208469732681e-8	1.714617531149309e-7	8.798355671946194e-8	1.645004369863347e-7	7.590215246081436e-8	1.6329848757650794e-7	7.143022341998272e-8	1.4504370069636964e-7	1.0660966036432112e-7	1.5238969321018959e-7	9.608195316648184e-8	1.1114693590529997e-7	1.4553698853380718e-7	1.1600490154443398e-7	1.4509449182282498e-7	6.522758099191841e-8	1.8277905731016096e-7	5.1512027340124045e-8	1.8529048254896093e-7	2.459596428468724e-8	2.338370121656994e-7	-2.338370121656994e-7
1.2835890105716332e-7	1.2835890105716332e-7	1.6661076580914125e-7	1.0599039627960328e-7	1.8646085072069407e-7	8.645983816766626e-8	1.8106360428456602e-7	7.963634273127446e-8	2.1239964873540794e-7	5.5086504727164375e-8	2.3819355821414418e-7	1.8919568256067584e-8	2.7252873977928026e-7	-2.2301280493442437e-9	2.771749770491945e-7	1.1836451203710649e-8	2.741974688472775e-7	-7.485776907335108e-10	2.6129954299018016e-7	-6.67605600124241e-9	3.01990246198536e-7	-1.9217672731782476e-8	3.0864786620798697e-7	-4.5792800538548016e-8	3.2576717962268015e-7	-5.645559998973648e-8	3.155588792226519e-7	-2.56288242538533e-8	2.7424800165266124e-7	-2.742480016526612e-7
1.3173214335655333e-7	1.3173214335655333e-7	1.2089315276276724e-7	1.2130705840518069e-7	1.3379241850818453e-7	1.2641678127226218e-7	1.3748384251658993e-7	1.119115749012379e-7	1.5347185515099566e-7	1.1654755237356985e-7	1.4245053172503493e-7	9.70356743756927e-8	1.6083384515262294e-7	6.680365093046152e-8	1.9978451853741994e-7	2.582654854125863e-8	2.455063352302432e-7	9.15231808277915e-9	2.440254288742192e-7	6.382420492896042e-9	2.5462978657104173e-7	1.562512460757691e-8	2.4791693935663483e-7	1.4264284481646201e-8	2.4819994831436774e-7	1.8144249033346317e-8	2.4812147960313134e-7	1.5312923576727854e-8	2.4696206326092977e-7	-2.4696206326092977e-7
1.3436367340882863e-7	1.3436367340882863e-7	1.6640907834199573e-7	1.3728875645082902e-7	1.6769692053140073e-7	9.43878914877693e-8	1.9305833876525296e-7	8.423826743405329e-8	1.9568186455276491e-7	6.56985134401336e-8	2.3610690708952664e-7	4.8449611280026934e-8	2.3448886205521226e-7	2.4859651892824435e-8	2.802305000812525e-7	9.41918639493378e-9	2.9279295686337517e-7	-2.9349912546643535e-8	3.279156647745474e-7	-5.754819070923444e-8	3.574555865648601e-7	-5.5219236791059795e-8	3.501088213776232e-7	-6.861806859001093e-8	3.5862155398927496e-7	-6.874879018660593e-8	3.2845434713524247e-7	-2.505405111249488e-8	2.8098527207976523e-7	-2.809852720797652e-7
1.4718032090005313e-7	1.471803209000531e-7	1.6071022420186612e-7	9.301708473510623e-8	2.1621374529610796e-7	3.8772344896045915e-8	2.6922329777186467e-7	9.603755475575546e-9	2.5894411999732087e-7	3.3861967581966614e-8	2.50144334113252e-7	1.2183306930627751e-8	2.6983100584473555e-7	2.3730441910256025e-8	2.756196738105584e-7	8.843847450718426e-9	2.5966005075437845e-7	3.771945317746607e-8	2.558294571673761e-7	3.9981369065335576e-8	2.3426759075064257e-7	2.6200459231389526e-8	2.7580504045541816e-7	2.3520727746009166e-9	2.7290653171524e-7	6.466124129515837e-9	2.6144463058673226e-7	1.829753961626251e-8	2.809865398987414e-7	-2.809865398987414e-7
1.7573881948568744e-7	1.7573881948568744e-7	1.8902062581266776e-7	1.8527536722515192e-7	1.7204959898799776e-7	1.6267443632252186e-7	1.962266957460531e-7	1.6684162381550327e-7	1.9812083958910345e-7	1.2386335768479403e-7	2.3416969416478662e-7	1.342927577336637e-7	2.2344792966284035e-7	9.400659190677651e-8	2.66277882436396e-7	8.656952738462185e-8	2.775351987347922e-7	7.667815622021229e-8	2.963398227815406e-7	5.8775773249604655e-8	3.0092320501050586e-7	6.17234694500818e-8	3.148970382304462e-7	4.604667096637219e-8	3.1721410012830687e-7	3.668234075688922e-8	3.3138609630756643e-7	2.948987026568425e-8	3.362877946290174e-7	-3.362877946290174e-7
1.7644105623823458e-7	1.7644105623823458e-7	1.818155871835102e-7	1.6840762073799255e-7	2.0233262495336936e-7	1.4285086123829497e-7	2.0882993515826686e-7	1.2604459281590154e-7	2.5242783374752666e-7	1.0220023205242396e-7	2.6013388312277816e-7	1.124371834448915e-7	2.5716507802920104e-7	9.513462802451897e-8	2.725934594678253e-7	9.377287347436274e-8	2.796937379177432e-7	9.584190172366277e-8	2.7713763803871207e-7	6.512345819635676e-8	3.058520689742265e-7	5.082016057815754e-8	3.1527068735335975e-7	5.715107434574618e-8	3.126091629047102e-7	2.8189855503133312e-8	3.4427548238154015e-7	1.7462388209771126e-8	3.559987939611558e-7	-3.559987939611558e-7
2.466716998357426e-7	2.466716998357426e-7	3.0928015598612445e-7	2.4065421157035144e-7	3.162624869104329e-7	2.4154437917046457e-7	3.0883926205497453e-7	1.8184724144184725e-7	3.745748920191028e-7	1.148329768083649e-7	4.423396446338572e-7	5.3314117649603356e-8	5.01246761207323e-7	5.18050139978567e-8	4.953828615488018e-7	6.246958464186604e-9	5.412387155336051e-7	-3.369921432104381e-8	5.737055414079547e-7	-7.124894448433589e-8	6.190807020657607e-7	-8.303280796015933e-8	6.29113466454608e-7	-1.2516094559762455e-7	6.190062696463643e-7	-6.617110768695324e-8	5.579840080057851e-7	3.83986686658176e-9	5.231479194697067e-7	-5.231479194697067e-7
2.4690155065989047e-7	2.4690155065989047e-7	2.55047429225995e-7	2.4088355943200815e-7	2.6109814076964723e-7	2.4198269916547545e-7	2.593759241685583e-7	1.95578060748791e-7	2.999913994991559e-7	1.796449399523961e-7	3.1331932330917807e-7	1.7612675974688191e-7	3.290984297337754e-7	1.644037384092561e-7	3.2842156525875987e-7	1.2417006834629506e-7	3.762482189545204e-7	9.844404231940711e-8	4.008802512872016e-7	8.430077125059025e-8	4.1430118016992454e-7	6.891039927837025e-8	4.286613990816469e-7	4.8823178293931573e-8	4.281556488097727e-7	5.949345916651817e-8	4.298540381914895e-7	2.0971173950809355e-8	4.7179324020115796e-7	-4.7179324020115796e-7
2.623195480564389e-7	2.623195480564389e-7	2.971700066943838e-7	2.4321297631091585e-7	3.057591752143104e-7	1.970409076088103e-7	3.516022984540435e-7	1.7339388442892928e-7	3.7825688544457215e-7	1.6104986533970703e-7	3.909625745199882e-7	1.5200511602904528e-7	3.9587679121982784e-7	1.0517699283213235e-7	4.4688515268403124e-7	9.489640115882356e-8	4.628441329329073e-7	6.684943859709039e-8	4.719822021623066e-7	3.3794090759049213e-8	5.089728984874145e-7	3.745641563906736e-8	5.147228397556308e-7	2.3934472823098466e-8	5.187926896533051e-7	1.5769647701177287e-8	5.266942502847654e-7	1.6622186548219375e-8	5.255387219638903e-7	-5.255387219638903e-7
3.0321870185378696e-7	3.0321870185378696e-7	3.0550222835438017e-7	3.063404881340704e-7	3.29241241839861e-7	2.4443854759331085e-7	3.844933867178143e-7	2.1730171696570094e-7	3.553009253293973e-7	2.2607449061733868e-7	4.0021313557774206e-7	1.7818588860801766e-7	4.5148239042286776e-7	1.3318686981643887e-7	4.552362424844846e-7	1.2151858691420231e-7	4.6058112252758e-7	1.1147519444219624e-7	5.150824503548742e-7	1.1514607263342053e-7	5.11449422776439e-7	1.1518202916128593e-7	5.108350142369569e-7	7.96547242804721e-8	5.402184626957045e-7	4.362141371713712e-8	5.891641788187111e-7	3.9925675889849757e-8	6.017752040655345e-7	-6.017752040655345e-7
3.0622852495959346e-7	3.0622852495959346e-7	3.5183530739223404e-7	2.597857607450947e-7	3.97228115972573e-7	2.1502842697432084e-7	4.414896380059752e-7	1.6945682609311604e-7	4.874577955028454e-7	1.5378513486385286e-7	4.916035373285251e-7	1.6381167879728226e-7	4.785761931842862e-7	1.4366616410280402e-7	5.017243267099967e-7	1.175345166654317e-7	5.318610911043156e-7	1.0481972592696932e-7	5.448040056862869e-7	6.96056327716058e-8	5.851911612216252e-7	4.072315891581326e-8	5.746811385951772e-7	4.043485439334518e-8	6.12336604630713e-7	1.2852568575471905e-8	6.380665899666304e-7	1.3687119929411608e-8	6.33908660350312e-7	-6.33908660350312e-7
3.4897350272453724e-7	3.489735027245372e-7	4.0158422878162227e-7	3.3649224594761473e-7	4.146028266172482e-7	2.8138495586904386e-7	4.696763001103207e-7	2.4947652300211744e-7	5.11046067132385e-7	1.984231569862307e-7	5.39588470825893e-7	2.0282028110248572e-7	5.663486114067863e-7	2.0781362773078141e-7	5.561094557648301e-7	2.0792371519253726e-7	5.652708838971951e-7	2.0170838506204978e-7	5.437009758764946e-7	1.5964310829304292e-7	6.035170238275961e-7	1.7619037203220543e-7	5.879290490965594e-7	1.1586118602111478e-7	6.319078905529556e-7	7.120257135994857e-8	6.739185542574092e-7	2.4575057244707397e-8	7.257410502328699e-7	-7.257410502328699e-7
3.5415630552085653e-7	3.5415630552085653e-7	3.9064541517452464e-7	2.9919093496094053e-7	4.480328350136088e-7	2.41419871218477e-7	5.021258590335877e-7	2.4215078681097976e-7	5.087608832132622e-7	1.747386273983151e-7	5.72461968506533e-7	1.14262790214248e-7	6.335209189433214e-7	8.483446886908198e-8	6.417130025226256e-7	5.9475857201938875e-8	6.80310092782323e-7	5.331729031907212e-8	6.968614696002532e-7	5.067048514907673e-8	6.956659061095766e-7	2.2164172168781536e-8	7.081088895784368e-7	2.6875682843968173e-8	6.779636328764324e-7	6.132761361660546e-8	6.797742655532742e-7	1.832902364678885e-8	7.177759042564496e-7	-7.177759042564496e-7
3.895443993679618e-7	3.895443993679618e-7	3.4031770855632776e-7	4.195824470045128e-7	3.5745329237151526e-7	3.772892127319599e-7	4.024210942825557e-7	3.6303100452122615e-7	4.071590396380054e-7	3.2714873334488103e-7	4.528687207666303e-7	2.781011807574953e-7	5.049639039426834e-7	2.487447099994186e-7	5.231493894953983e-7	2.3097784020676206e-7	5.366081876529111e-7	2.2887787505363716e-7	5.410291748270736e-7	1.8554140647294217e-7	5.968405480942669e-7	1.3728369222869556e-7	6.464812511100854e-7	8.582561104880998e-8	6.958243074198778e-7	4.027511934295716e-8	7.383910063867001e-7	2.2265429915142382e-8	7.569376467150926e-7	-7.569376467150926e-7
4.597034065530823e-7	4.597034065530822e-7	5.138826398602601e-7	4.0125620519668786e-7	5.68694348255721e-7	3.655894998758555e-7	6.010530080048413e-7	3.2749545716322243e-7	6.381311813879464e-7	2.7745001412709066e-7	6.957536349892177e-7	2.1859065019801243e-7	7.519061072324519e-7	1.7762745960841755e-7	7.832965208134039e-7	1.7255752787031006e-7	7.886732096545913e-7	1.716546039591734e-7	7.895699155517954e-7	1.363726998802983e-7	8.253624490478017e-7	1.0699555608299974e-7	8.588259278319493e-7	9.276775610426591e-8	8.694029895969709e-7	6.918824793022406e-8	8.963565284257796e-7	2.43984985294285e-8	9.439080756834642e-7	-9.439080756834643e-7
4.600785900810237e-7	4.6007859008102367e-7	5.268909392949383e-7	3.822709349950021e-7	6.058541930988708e-7	3.0287322843792627e-7	6.855055942592877e-7	2.2359656367079468e-7	7.611037025953516e-7	1.5678273081346133e-7	8.204013706560499e-7	1.4208435088548217e-7	8.36023774029228e-7	8.112379475412235e-8	8.951544802752066e-7	5.4270711627763574e-8	9.142037014419817e-7	5.884119043791825e-8	9.095704625036841e-7	5.5212640785104354e-8	9.017207754197554e-7	5.4774826319397394e-8	9.126739977588138e-7	4.031531734136279e-8	9.289583704955953e-7	2.7293237465582004e-8	9.427530055647745e-7	2.3901145562395582e-8	9.486045456445082e-7	-9.486045456445082e-7
4.669936314718563e-7	4.669936314718563e-7	4.6204830852677264e-7	4.5209173056998864e-7	5.129352829211844e-7	4.0077735667480723e-7	5.647424762108358e-7	3.498743711072968e-7	6.148706355703169e-7	3.0153485379835365e-7	6.643848312886628e-7	2.6354851822111194e-7	6.936733106231251e-7	2.551600716050475e-7	7.007277141784375e-7	2.216770842883606e-7	7.40359945199794e-7	2.0983823285303198e-7	7.490249344006352e-7	1.7440744522462327e-7	7.817959205103551e-7	1.305069874276403e-7	8.364686163883687e-7	7.570115509277738e-8	8.913566071067844e-7	4.5762168341254444e-8	9.040895568847427e-7	2.0816008123237188e-8	9.396186931122892e-7	-9.396186931122892e-7
4.680648273608519e-7	4.680648273608519e-7	4.98784303636574e-7	4.489190139024175e-7	5.130990246811947e-7	4.209730046183256e-7	5.266035287649073e-7	3.5275990959013747e-7	5.973170287986305e-7	3.6166814559082187e-7	5.884386042188616e-7	2.8850041295219133e-7	6.611292580305921e-7	2.6790024698459343e-7	6.809724515213167e-7	2.696950685893749e-7	6.757330821282463e-7	2.614560853463468e-7	6.947069529943912e-7	2.3608360463010972e-7	7.14071045229098e-7	1.6664516412713716e-7	7.857214226940888e-7	1.7383358934358294e-7	7.818081922642307e-7	9.056458985710599e-8	8.612178084596817e-7	3.4424848759564894e-8	9.118909027375951e-7	-9.118909027375952e-7
4.793935607819063e-7	4.793935607819063e-7	4.902246953223154e-7	4.665756010254542e-7	5.025512760344502e-7	4.207271105081914e-7	5.473463853307182e-7	3.794489576335972e-7	5.855479748427892e-7	3.389402287819595e-7	6.284689698656342e-7	3.2001079102875966e-7	6.476388321605951e-7	2.7959234381354985e-7	6.878993291979196e-7	2.3521923812058287e-7	7.336010631636741e-7	2.1518198623929128e-7	7.522007899062339e-7	1.7058117637238503e-7	7.993935810991343e-7	1.3948202346472035e-7	8.295160447541271e-7	9.250804473929473e-8	8.768822788239551e-7	6.673753443087804e-8	8.980426514935469e-7	2.3876741199649513e-8	9.455798859950622e-7	-9.455798859950622e-7
4.849084054077119e-7	4.849084054077118e-7	5.522995346568605e-7	4.1083397443038003e-7	6.263787491163074e-7	3.368360172919862e-7	7.004933742396283e-7	2.6303671894677077e-7	7.750436442748723e-7	1.9047612559495096e-7	8.46234535258854e-7	1.2837628623790192e-7	8.658397911113272e-7	1.4446121847422707e-7	8.431340848888202e-7	1.6329148277064998e-7	8.442907948125393e-7	1.6479129072724926e-7	8.339829243893299e-7	1.4687725331200444e-7	8.77618522017325e-7	1.349982471569007e-7	8.888930925865767e-7	1.1193155011066228e-7	9.070051269269253e-7	7.437739687162424e-8	9.492323456605667e-7	2.575621991425805e-8	1.0006163348148804e-6	-1.0006163348148804e-6
5.360234707532743e-7	5.360234707532743e-7	5.730694232343234e-7	4.850040464510589e-7	6.251801232609567e-7	4.322031963034159e-7	6.818116211284411e-7	3.7379215140045307e-7	7.410389478864569e-7	3.165132226039556e-7	7.997612204340413e-7	2.641849660581663e-7	8.420695901370245e-7	2.4386072988017085e-7	8.652035517197332e-7	1.9279550766967167e-7	9.194821862206851e-7	1.471837530982584e-7	9.260438215028692e-7	1.4389523349563138e-7	9.565461892459432e-7	1.356060185599958e-7	9.657445847724029e-7	9.849677028594994e-8	1.007443231872139e-6	6.515784608896066e-8	1.0352000477599043e-6	2.494719973431158e-8	1.085087037989955e-6	-1.085087037989955e-6
5.37750527428213e-7	5.37750527428213e-7	5.990403583080713e-7	4.990415646638955e-7	6.336904054097797e-7	4.650443995876391e-7	6.75141817959561e-7	4.544120359175088e-7	6.844720837610602e-7	3.821365280364882e-7	7.720044811694568e-7	2.936989364410239e-7	8.478575705557324e-7	2.254884992319067e-7	9.052137737030614e-7	1.977309370603523e-7	9.296068919101734e-7	1.5469773665085757e-7	9.782107579490945e-7	1.0349588113954568e-7	1.0267833732641703e-6	1.084328451817615e-7	1.0194449857301762e-6	8.32430673732325e-8	1.055155813380912e-6	4.7388733775126884e-8	1.0754855752477239e-6	2.1328680242855658e-8	1.1056781668946375e-6	-1.1056781668946375e-6
5.483058627072092e-7	5.483058627072091e-7	6.07589005126178e-7	4.801964139616248e-7	6.758597723351101e-7	4.118721039697962e-7	7.445139940804697e-7	3.4300259084524694e-7	8.127688147834885e-7	2.846742447798808e-7	8.625867207767227e-7	2.5539456750624317e-7	8.834496032226387e-7	2.1135048324991104e-7	9.36937792922573e-7	1.5978500909573537e-7	9.881224065754724e-7	1.2959602078756336e-7	1.0127381511929995e-6	1.2343118821494224e-7	1.0165985807395689e-6	1.2439346199601924e-7	1.0171631458715867e-6	1.2038805451333692e-7	1.0136744017281156e-6	7.653951272844049e-8	1.0721586208779237e-6	2.565147161583152e-8	1.1219648275837434e-6	-1.1219648275837434e-6
6.320801180085495e-7	6.320801180085495e-7	6.763069831456249e-7	5.801065466502344e-7	7.338594307765914e-7	5.226504905433754e-7	7.925190177981071e-7	4.551746074992592e-7	8.607859229727531e-7	4.0243455055256223e-7	9.086937464655295e-7	3.868409815984865e-7	9.262208982048143e-7	3.6457570232898037e-7	9.449720224315544e-7	3.493940399850356e-7	9.612926830964705e-7	2.9450047210166165e-7	1.0185166861004664e-6	2.3170564546000944e-7	1.0788841201417109e-6	1.8143811398948928e-7	1.1318309788054375e-6	1.247577296191057e-7	1.1916871543847333e-6	7.481716906124483e-8	1.2291424888512713e-6	2.885898210173587e-8	1.2844125620540898e-6	-1.2844125620540898e-6
6.336224473604345e-7	6.336224473604345e-7	6.412761614686286e-7	5.727875008511685e-7	7.058458756090696e-7	5.093000233842713e-7	7.647239955136753e-7	4.748870467937255e-7	8.016698056405625e-7	4.51931175199529e-7	8.218297145034367e-7	4.3386331542570023e-7	8.447960639228354e-7	3.678418994634391e-7	9.139779315894683e-7	2.9887396411192297e-7	9.786991513666967e-7	2.6239182267453765e-7	1.012545108896483e-6	2.0044726313660375e-7	1.0718794010524775e-6	2.008698672986425e-7	1.0683204407442117e-6	1.568299074521052e-7	1.1133579527702193e-6	9.840900535094065e-8	1.1825095308590904e-6	3.009997316315848e-8	1.2459794151988973e-6	-1.2459794151988973e-6
6.546727621706943e-7	6.546727621706943e-7	7.243973727951051e-7	5.759787723159902e-7	8.027143617946854e-7	5.23706586336575e-7	8.565886081552523e-7	4.420149988212987e-7	9.354281714815821e-7	3.6827755832300087e-7	1.0085394461151381e-6	3.178806031521427e-7	1.0364141269481544e-6	2.8366820665570345e-7	1.0534834918240787e-6	2.6429999814569575e-7	1.1056413355017694e-6	2.407848107082459e-7	1.1241494881502106e-6	1.9303504300496833e-7	1.1730261989067303e-6	1.5886634587550185e-7	1.2060784887400725e-6	1.0084820300674585e-7	1.2639271224883194e-6	5.147143867038146e-8	1.3141964836269978e-6	2.0511553491889246e-8	1.339419571001063e-6	-1.339419571001063e-6
6.748303418341428e-7	6.748303418341427e-7	7.501745817906034e-7	5.798045299008507e-7	8.57136473757026e-7	4.779002958470203e-7	9.318002740734154e-7	4.771575622560976e-7	9.454568152917547e-7	3.9130980360986754e-7	9.658368782462597e-7	3.8098398531456894e-7	1.0376606124824766e-6	3.6272079748303964e-7	1.0644063858809843e-6	2.4575554668692613e-7	1.1838634690546291e-6	2.363558929762203e-7	1.1935359664386258e-6	2.276771510752029e-7	1.1835752608606528e-6	1.6095362005373852e-7	1.1804114134523302e-6	1.579534253340683e-7	1.2698068542265728e-6	6.819050498610756e-8	1.3464993893265218e-6	4.009416413422035e-8	1.3748127548066028e-6	-1.3748127548066028e-6
6.782432138330847e-7	6.782432138330846e-7	6.940209640934409e-7	6.168115581079469e-7	7.520703418197611e-7	5.191860718845522e-7	8.509301627722644e-7	4.3858027622776223e-7	9.297374745750081e-7	3.527810879035947e-7	1.0164021547592938e-6	3.3786205027290137e-7	1.0346299357891504e-6	2.664080896260972e-7	1.1020705162667033e-6	2.415053806207023e-7	1.1296043640940834e-6	1.994438879775772e-7	1.1640402262928242e-6	1.4833358933026942e-7	1.2150197821069622e-6	1.2980825365675572e-7	1.2325605073622305e-6	7.369142947547145e-8	1.290074309021046e-6	2.203851503557413e-8	1.339737607695371e-6	3.157011211949583e-8	1.3342964092648135e-6	-1.3342964092648135e-6
6.956779300082149e-7	6.956779300082149e-7	6.990573735109569e-7	6.202585389403277e-7	7.726437599043251e-7	5.444119573204404e-7	8.554778914462619e-7	5.336017592001305e-7	8.620189036591854e-7	4.593668129302262e-7	9.269410155805811e-7	4.291566457288445e-7	9.573897665676977e-7	3.579968321845897e-7	1.0354248992231143e-6	2.8333581442881244e-7	1.1085211340062654e-6	2.1221939723162475e-7	1.178941841978557e-6	1.385485554610294e-7	1.2520342746445068e-6	1.1247772835032298e-7	1.2768946147713696e-6	9.672854018174482e-8	1.2964029677644708e-6	8.442883690338757e-8	1.3030166697378138e-6	3.492604574523014e-8	1.35499485124848e-6	-1.35499485124848e-6
7.245882794535541e-7	7.24588279453554e-7	7.899494923973344e-7	6.509769512108924e-7	8.635627950185376e-7	5.768603290073366e-7	9.376887568481906e-7	5.032140231015835e-7	1.011325304270015e-6	4.2941168517605326e-7	1.0851286145059235e-6	3.562028738835318e-7	1.1580363579725542e-6	2.958932452750875e-7	1.2059127903041236e-6	2.44448992761727e-7	1.2591724933368798e-6	1.9312678939234032e-7	1.307261206816442e-6	1.494510262840348e-7	1.3494054323861947e-6	1.2043451924870135e-7	1.3780557536228238e-6	1.1015612184658357e-7	1.3879951658676269e-6	7.02404219498004e-8	1.4267513581581576e-6	2.555061975367175e-8	1.47773074835446e-6	-1.47773074835446e-6
7.891717591787607e-7	7.891717591787607e-7	8.501583530480076e-7	7.220637194188695e-7	9.184336317562705e-7	6.53322612085159e-7	9.862248649131337e-7	5.863742938640833e-7	1.053167479037329e-6	5.191524565952166e-7	1.120378677375303e-6	4.5194117720740464e-7	1.1876542811904644e-6	3.890575651831423e-7	1.248327995103868e-6	3.2880727129837534e-7	1.3088232810197898e-6	2.667131939916591e-7	1.368775472315631e-6	2.0759132597693798e-7	1.4291155841124479e-6	1.4796436563927823e-7	1.4852200919862379e-6	9.580949497907792e-8	1.5309291426501565e-6	5.01386394959174e-8	1.5810146074299954e-6	1.9552888178841035e-8	1.6060148103074589e-6	-1.6060148103074589e-6
8.192262148147999e-7	8.192262148147998e-7	8.814883112415636e-7	7.866438546469386e-7	9.134223799725865e-7	7.206222696832768e-7	9.81207730256287e-7	6.502533101615662e-7	1.0500834481320406e-6	5.827922214179509e-7	1.117461557891281e-6	5.166309641708067e-7	1.184218893385584e-6	4.4865346381228755e-7	1.251590849882023e-6	3.812813379819028e-7	1.3189016550068603e-6	3.139668562267142e-7	1.3864892624934558e-6	2.463762429535766e-7	1.4530786578940938e-6	2.084271134769002e-7	1.4916143001362777e-6	1.4057042760159335e-7	1.5582727234401186e-6	7.675595686277905e-8	1.6211662646789664e-6	2.440856968892465e-8	1.6661644220730409e-6	-1.6661644220730409e-6
8.679808471455069e-7	8.679808471455069e-7	8.96059473995507e-7	7.891633871910272e-7	9.7585706966154e-7	7.113341994712449e-7	1.0545510005720242e-6	6.296769698162708e-7	1.135471209081216e-6	5.512553440152465e-7	1.2183138226934902e-6	4.6455145070227224e-7	1.2987423083867547e-6	3.9681119467025104e-7	1.3619038079434621e-6	3.359593548695072e-7	1.4300684335080786e-6	2.5540288635815074e-7	1.5049455244231594e-6	1.90918670904933e-7	1.5621432298171817e-6	1.529967585078662e-7	1.599884162617826e-6	9.748721063420391e-8	1.655829121994314e-6	8.115050486133527e-8	1.6699317309626072e-6	2.8608837849974758e-8	1.7264911229097374e-6	-1.7264911229097374e-6
9.027155942591083e-7	9.027155942591082e-7	9.807461077055912e-7	8.174777038400908e-7	1.0625974107534137e-6	7.358522378072245e-7	1.14392510760763e-6	6.546521507907164e-7	1.2189597861528296e-6	5.824611883032857e-7	1.2949852473104713e-6	5.37976838906254e-7	1.3277672266105993e-6	4.782121848831274e-7	1.3902139054367918e-6	4.1447418919616725e-7	1.4607509499878214e-6	3.3872185571148974e-7	1.5359261998454162e-6	2.6584299289272366e-7	1.6090446583716217e-6	1.9755128695357492e-7	1.6736476030329159e-6	1.3295965786709513e-7	1.7387337090695784e-6	8.833527668365746e-8	1.7793761869111526e-6	3.250199772331755e-8	1.838792759387603e-6	-1.838792759387603e-6
9.071631613431028e-7	9.071631613431027e-7	9.854091519564584e-7	8.380361576632069e-7	1.0554883085382022e-6	7.578845243584667e-7	1.1353243962531158e-6	6.848285753659821e-7	1.209273054137464e-6	6.108643376714776e-7	1.2871248007832633e-6	5.330541311980154e-7	1.3604208184163907e-6	4.62847036522536e-7	1.4292993580295738e-6	4.1834369345216406e-7	1.4753638853657046e-6	3.47017526633294e-7	1.5439402266608034e-6	2.799151590010041e-7	1.6112421990921127e-6	2.094962819209368e-7	1.6814516298750093e-6	1.5463103972112427e-7	1.7298752479401228e-6	9.754629990741628e-8	1.7934406394358438e-6	3.242635803985428e-8	1.8573345974262535e-6	-1.8573345974262535e-6
9.21439635691601e-7	9.21439635691601e-7	9.882026914623771e-7	8.463909688473026e-7	1.0631327009008618e-6	7.714694884284525e-7	1.1381949574672598e-6	6.964074706662069e-7	1.2131103687497959e-6	6.21491525172113e-7	1.2878424084510104e-6	5.454476918693075e-7	1.3638903464054456e-6	4.6939998206498023e-7	1.4399327879389888e-6	3.933577245461039e-7	1.5159750815357931e-6	3.17315025453051e-7	1.592018355194329e-6	2.4192892436588944e-7	1.6673036381733222e-6	1.6847261099705682e-7	1.740446630244224e-6	1.2911171642680026e-7	1.7620704216379928e-6	8.235439885389283e-8	1.8170429180993283e-6	2.7390105960218307e-8	1.8718525699272038e-6	-1.8718525699272038e-6
9.738963486968305e-7	9.738963486968305e-7	1.0196921245788043e-6	8.930318304332513e-7	1.1009056097135654e-6	8.118192951987453e-7	1.1818228728973258e-6	7.309009098589552e-7	1.2627251371461314e-6	6.520448896946816e-7	1.3421671260228619e-6	5.704929711713921e-7	1.422707102025808e-6	4.912995273473013e-7	1.5019383286476006e-6	4.120615776017121e-7	1.5830540483401599e-6	3.4679491430117366e-7	1.6352507934962262e-6	2.726425897676141e-7	1.7175846457054588e-6	1.992368886760739e-7	1.7903151393707304e-6	1.551631033563059e-7	1.826303368012601e-6	9.617600521615604e-8	1.8898568634642283e-6	3.2622655083407056e-8	1.9532791702498697e-6	-1.9532791702498697e-6
1.0024480120953774e-6	1.0024480120953774e-6	1.07021979919705e-6	9.331671434689919e-7	1.0999244632541486e-6	9.248324996438206e-7	1.1326419851521344e-6	8.789029345316721e-7	1.2060831978783527e-6	8.054645862200536e-7	1.2782666384473346e-6	7.191006125345646e-7	1.3647968987265605e-6	6.336549728052898e-7	1.451965599971231e-6	5.47518118630574e-7	1.538451970756836e-6	4.5920587424697364e-7	1.6258825583651602e-6	3.7047796173896693e-7	1.7137000446341824e-6	2.821648354986635e-7	1.8015512536077518e-6	1.9453003920039774e-7	1.8889888917903928e-6	1.1079795096713861e-7	1.9676860013247645e-6	3.834825120404873e-8	2.0410915863421835e-6	-2.0410915863421835e-6
1.0888572702185602e-6	1.0888572702185602e-6	1.1684316760625994e-6	9.999786914089634e-7	1.2573667450625748e-6	9.110165250706448e-7	1.346399050999717e-6	8.215621042934968e-7	1.4358299130850797e-6	7.325049503173741e-7	1.5247935084829942e-6	6.436294692582827e-7	1.613682141499333e-6	5.556122216889292e-7	1.7014641366681134e-6	4.6665126712358624e-7	1.7906115078237078e-6	3.7756724650285607e-7	1.8807660293244407e-6	2.8721005492477895e-7	1.971709336120437e-6	1.9830728991511501e-7	2.046312974427265e-6	1.404838149128026e-7	2.102243698485389e-6	8.453380407221293e-8	2.1569754293756748e-6	2.8295813426435174e-8	2.2128670475287946e-6	-2.2128670475287946e-6
1.1043740853787767e-6	1.1043740853787767e-6	1.1777229668380928e-6	1.0217961412731027e-6	1.2602377159671964e-6	9.393080369334839e-7	1.3429968147840077e-6	8.569379295348137e-7	1.4250394502559357e-6	7.744796715779118e-7	1.5074937082902824e-6	6.920369543002177e-7	1.5898892907897273e-6	6.096298404818302e-7	1.6725848943993868e-6	5.277358456698863e-7	1.7540113058527499e-6	4.4667096815342904e-7	1.8355644346226264e-6	3.653573390865093e-7	1.9163933624094107e-6	2.842205175831391e-7	1.9977302770413314e-6	2.0298794754303826e-7	2.0787785799930015e-6	1.218262526079419e-7	2.1599137755539146e-6	4.069115753908253e-8	2.2410793058098645e-6	-2.2410793058098645e-6
1.123466477403505e-6	1.1234664774035049e-6	1.207602118810532e-6	1.0295127567061876e-6	1.3015305757084817e-6	9.355774845131104e-7	1.3954269673983332e-6	8.415382943389023e-7	1.4894500907062157e-6	7.476591466887963e-7	1.5833514771986546e-6	6.537528301701248e-7	1.677232768288513e-6	5.598174085528211e-7	1.7712744825805855e-6	4.6569910381594956e-7	1.8650131198610316e-6	3.7219862301901133e-7	1.9585072268268657e-6	2.7869499602616726e-7	2.052013043649623e-6	1.8535370742207837e-7	2.145402486083932e-6	1.0017105400250141e-7	2.2113731335932025e-6	3.4018450392695756e-8	2.2542381406528975e-6	2.177943913262269e-8	2.283736131916959e-6	-2.283736131916959e-6
1.221039225247247e-6	1.221039225247247e-6	1.305160420029514e-6	1.1283021735532336e-6	1.3978826589046288e-6	1.0356339724106571e-6	1.490560244323531e-6	9.428839495126299e-7	1.5833006331961555e-6	8.501619847709847e-7	1.6760226032178614e-6	7.574973264187596e-7	1.7686823982593733e-6	6.648377430937439e-7	1.861350664501508e-6	5.721693412836026e-7	1.954010384631985e-6	4.793475742972991e-7	2.0468337788182787e-6	3.8668622166809584e-7	2.1394958287047764e-6	2.9400911947552504e-7	2.232159195191796e-6	2.0115260721857747e-7	2.325035305819876e-6	1.0957248536988696e-7	2.415445117703875e-6	3.2755014363783084e-8	2.479792758941778e-6	-2.479792758941778e-6
1.312720123425254e-6	1.312720123425254e-6	1.4024554663443601e-6	1.212712958598709e-6	1.5026366491039135e-6	1.113480786177204e-6	1.6016113653945226e-6	1.0148605427746453e-6	1.7020203253516888e-6	9.143823637231463e-7	1.800712523667751e-6	8.246682700421692e-7	1.8907349328837182e-6	7.242957882665555e-7	1.9908135879025974e-6	6.243781958290652e-7	2.0908053164537024e-6	5.242909992550685e-7	2.1913882870833653e-6	4.23803540461595e-7	2.2912834121702426e-6	3.242945712218804e-7	2.390248601007057e-6	2.261221534186781e-7	2.488422438881636e-6	1.1956620554536074e-7	2.586198350737888e-6	3.8941728634550926e-8	2.665066022953217e-6	-2.665066022953217e-6
1.3900809518972117e-6	1.3900809518972117e-6	1.4823110627654799e-6	1.2871442809810554e-6	1.5852477474203314e-6	1.1842167205048421e-6	1.6881755347995711e-6	1.0812887116963735e-6	1.7911047705044952e-6	9.783767215672668e-7	1.8940161985858924e-6	8.754431687023194e-7	1.996949481427737e-6	7.72396783443298e-7	2.0999986418953895e-6	6.694789828707351e-7	2.2029119252064593e-6	5.666665309568529e-7	2.3057128084510833e-6	4.6383417015785526e-7	2.408545402305519e-6	3.609278640783126e-7	2.511450199300928e-6	2.574965234988093e-7	2.6148286404933705e-6	1.541767824820015e-7	2.7181482450984132e-6	5.142514496191081e-8	2.8208982370562364e-6	-2.820898237056237e-6
1.5248343278055282e-6	1.524834327805528e-6	1.6263486686510604e-6	1.4118532613236235e-6	1.739207065665381e-6	1.299107270230375e-6	1.8561420033826504e-6	1.182062418334718e-6	1.970002877926607e-6	1.0668089540701523e-6	2.0520223404908693e-6	9.880289873498997e-7	2.162016305762664e-6	8.778895621312066e-7	2.282926793381349e-6	7.546820198124214e-7	2.3956395958177118e-6	6.442291614058796e-7	2.5071400808684152e-6	5.330935514790179e-7	2.6206258378008535e-6	3.9892206516745746e-7	2.7491742480952036e-6	2.856735635148275e-7	2.863180672777522e-6	1.720755425393447e-7	2.9776731312264097e-6	5.4700065269856026e-8	3.0938418224097393e-6	-3.0938418224097397e-6
1.5453306919018513e-6	1.5453306919018511e-6	1.648079896533984e-6	1.430761991071262e-6	1.762642754773561e-6	1.3161981282101599e-6	1.877213979513489e-6	1.2016268999631763e-6	1.9917608245637884e-6	1.0881548778579138e-6	2.1052339857484245e-6	9.736068937409232e-7	2.219793457887105e-6	8.590476446371429e-7	2.33434007667167e-6	7.445006665978839e-7	2.4488870978823276e-6	6.299330103052883e-7	2.5634532656112904e-6	5.153836612282416e-7	2.6780028218702975e-6	4.0083377359627133e-7	2.7925520291523805e-6	2.862812544919691e-7	2.907103799319458e-6	1.7173103894255478e-7	3.021664169011311e-6	5.71725844754378e-8	3.1362127452426966e-6	-3.136212745242697e-6
1.6500930118822503e-6	1.65009301188225e-6	1.7594708391617613e-6	1.5280107683732666e-6	1.881547220109772e-6	1.4059358398820872e-6	2.0036088969612234e-6	1.2837914771702818e-6	2.1257559816326344e-6	1.16172686307782e-6	2.247812072846349e-6	1.039686182623027e-6	2.3699721311628175e-6	9.172125729709752e-7	2.4923401190079627e-6	7.946770016077513e-7	2.6148341734050674e-6	6.721894442728561e-7	2.7373202244771143e-6	5.499840711018567e-7	2.8595260120027256e-6	4.277847578031993e-7	2.9817374967200333e-6	3.0556927964714845e-7	3.103983052987832e-6	1.8332009271193052e-7	3.2262183043184954e-6	6.11068243027812e-8	3.34844022300302e-6	-3.3484402230030204e-6
1.8879976912556267e-6	1.8879976912556265e-6	2.0133495523776924e-6	1.7482092879390508e-6	2.153880124683218e-6	1.6076778204177252e-6	2.2936719471529823e-6	1.4678539605037913e-6	2.4336251413745566e-6	1.3279327927648887e-6	2.5734399215544446e-6	1.188118023788978e-6	2.7132255474642754e-6	1.0483453181676952e-6	2.853001917921096e-6	9.085560271871827e-7	2.9927912760662774e-6	7.691632064806144e-7	3.1321866513888748e-6	6.293713691018897e-7	3.2719781782380302e-6	4.896289563963237e-7	3.41171833740882e-6	3.4983960773959414e-7	3.5515393598860485e-6	2.0965506112900038e-7	3.6916987193019027e-6	6.985931934093229e-8	3.831490395348121e-6	-3.831490395348122e-6
2.2911383122096013e-6	2.291138312209601e-6	2.4433394256276863e-6	2.121409055350527e-6	2.6130620819381987e-6	1.9515260926988586e-6	2.7829444018011645e-6	1.7818028744601613e-6	2.9526751233428474e-6	1.6120728603676784e-6	3.122490698350133e-6	1.4422572430531377e-6	3.2922125440964688e-6	1.272535159039243e-6	3.4619390746768694e-6	1.102810746146965e-6	3.6317270137313913e-6	9.330986228514549e-7	3.8013706813660233e-6	7.633792934115991e-7	3.9710881514231445e-6	5.936603661410456e-7	4.140806989731495e-6	4.239369391952804e-7	4.310535432123563e-6	2.5437305509522126e-7	4.480007936153893e-6	8.475787167809868e-8	4.649613291241696e-6	-4.649613291241697e-6
