-46.185539251536234	3.798776924776435	-2.252640537851393	0.6467734725452011	-0.6227165508306436	2.6270261781651816	0.41891022674111816	0.40600775137522277	-0.3825315610905183	2.4428009494809673	0.4344641719281743	0.3931525156435289	-0.37090535998396995	2.4703287254943014	0.4331094160237383	0.382098050890631	-0.39011624957885366	-1.9987587788493109	-0.493352783918112	-0.3486393803869516	0.33548006723504353	-3.791235743039077	-0.2631599457115945	-0.2738333841990618	1.7204246339733824	0.1800705400171692	0.36228922496387655	-0.3622890729025942	2.9108763551630084e6	0.00002039626383485315
-43.01996245182538	0.04671225623688335	-2.1486634700912792	-0.4757484347918224	-0.3810377472146632	0.2999608797148445	-0.5851678978015868	-3.1545985402866603	-0.2952378303651926	-0.2443467510380826	1.6405269585352775	0.19514103362484175	0.37915616160836174	-0.25892303486833435	3.772496668266396	0.2594510460580486	0.2672065701806085	-1.7901975340547742	-0.18211203284748698	-0.34300758205907894	0.46828031727940483	3.327371693828478	0.28847337074223733	0.2480096718683246	-1.7046655265315773	-0.18654027115955793	-0.3586465781781011	0.3586464243530888	-2.855503346804073e6	-0.00002095374215778924
-42.132299142558296	0.03789889499219018	-2.1989492654725815	-0.46273794153983777	-0.3757015465098315	0.34356116791087904	-1.8163932428127956	-0.5979845436747662	-0.47780367280675035	-0.0248637600755673	-0.11252945668692227	-4.220855077572982	-0.22855753399324918	-0.22054273204521674	2.599930777919405	0.1489132684140535	0.2300812368037219	-2.0114391284813564	-0.3240447000545266	-0.35845835038389273	0.4187197604306776	3.371582594207358	0.2877113547025843	0.2504662921575934	-1.703506188837425	-0.1841191171126416	-0.35881904990595404	0.3588192018100402	2.9128109007225633e6	0.000019778180794968758
-41.96674492368162	0.041035595475559475	-2.2211109423764754	-0.45869974238346806	-0.3731606884348174	0.35816137338498005	-3.702178840790507	-0.2704403990942176	-0.2813612938599153	1.6032811710236852	0.18271618074917295	0.39820281438724586	-0.18320583489960143	2.164524087735651	0.4553657575011492	0.39306906917892087	-0.2938850251691418	0.8149554468852537	1.58626414952229	0.5114835653040063	0.30789889864833275	-0.260759022396058	2.2499644748600143	0.46786012564864843	0.3952344520638054	-0.2817906851841236	0.2817905357112898	-6.470812554311456e6	-8.572240456088133e-6	-8.575741228139636e-6
-41.93629396453937	3.0477263387697877	-2.1728402990278397	1.1430060082967552	-0.9710300084201847	3.0487850687499405	0.36883994816501436	0.39558852966475944	-0.5264255117868288	-0.2958861720232085	-1.4142233310435255	-0.4931620302529849	-0.3710946285961536	0.06346685785316394	-0.5994709915104979	-1.4224763179483293	-0.5421159489106131	-0.3430711444005408	0.10529066495484128	-0.5385513856077891	-1.83329431391127	-0.47826157478410986	-0.3172739528385579	0.34682921100877767	2.0361837945459405	0.4880703328448364	0.3469072714953355	-0.3469074077809013	-258304.19849420077	-0.00019210988277979576
-41.13915167260671	0.03111495187865167	-2.1358087081955026	-0.4751285059874787	-0.3830042310354527	0.30118311768996064	-0.7805104078307737	-1.7266030261291108	-0.4939026087934597	-0.3013156134118229	0.3348474631273131	1.9940896062719529	0.49375301522755366	0.35480303977477	-0.3203164904956213	1.6441609439632379	0.6584906862149349	0.5076981422800793	0.10033820704687588	0.12008757919075917	2.053405695426009	0.46570120161468925	0.36204997495992175	-0.33339807968301427	2.432377583209173	0.4346120044190121	0.38507253275981235	-0.38507266597145434	-304727.2479801856	-0.00017226042589937564
-36.69707251093725	0.04361275644430883	-2.2157456952444057	-0.4603769788383246	-0.37367494759662345	0.3522803118499984	-2.457344023382511	-0.4343521457308807	-0.3811052007235218	0.3893681464560776	1.9670633870779488	0.49924855600328394	0.352741125146514	-0.314609347739263	1.4972016756367108	0.728621772410457	0.5333007952523006	0.16231860026370898	0.10329859432819748	1.3978451162834873	0.6373274933110031	0.4518645313281262	0.08161250829846137	0.18386406868409083	2.035301194310757	0.4629316028768625	0.3513344095739567	-0.3513345245377648	-534463.1049797791	-0.00009525967903414067
-27.834195788961775	-0.06349640394866177	-3.4516575141045363	-0.2844825641529322	-0.26765591735157823	1.597226153748659	0.18505851868619802	0.39459250649016725	-0.18701674692571849	2.2356741932451927	0.4427609852521958	0.38424916357080646	-0.34303823070824185	1.8157077439561218	0.5974748358290413	0.47771808122522763	0.024705130105099223	0.11339427477061394	4.201919708268234	0.22953829587671515	0.22135161830393482	-2.576733101057154	-0.1497361506250858	-0.23222127641804466	1.9633344636786974	0.3297960202729466	0.36866251027064995	-0.36866236310630573	1.470485711530691e6	0.00003998395031669073
-3.9114830095001585	2.2807088884118176	-0.613205708300438	0.599699006231104	-0.8081301541316278	-4.276384298816301	-0.22393229567219422	-0.18974231139133127	3.0977413274072725	0.13661176679538223	0.1888700038372663	-3.0859801814441608	-0.21315198424348913	-0.24639999422328526	1.8867120311650774	0.2539893421532244	0.35042946482947507	-0.44236143742898415	-3.3512114028887656	-0.28810188766893563	-0.2493360642400572	1.7039745670565438	0.1851907306125476	0.35873530004353477	-0.3587354579236163	-2.7936059806204042e6	-0.00002022013775192811	-3.537006836039878	-8.96246671135865	-2.9081943936391346
-3.911464971742437	2.2830544420476437	-0.6140957588793206	0.5991760072224297	-0.8282379252650672	-3.8472849892262038	-0.24713771403360352	-0.2043652446177475	2.5521777404676587	0.15291534141877233	0.23258626256671963	-1.921805757038489	-0.3334593423271628	-0.3778005705684543	0.3300528809410555	-4.873110221073548	-0.20259067286258106	-0.21452454451538083	3.0791571962994877	0.13399128660004653	0.19115447660253182	-3.0547298456541214	-0.2164501079066675	-0.2497306125440068	1.824206723549106	0.25751151708063585	0.3650384015817808	-0.3650385630550066	-2.0191175868320165e6	-0.000027143417750210103
-3.910771054082466	2.28883315852509	-0.6165464181699457	0.5979835729533021	-0.8786955082072097	-3.0505840031437916	-0.30586390366165084	-0.235999805430753	1.6280307958479725	0.19548023146147855	0.3788502591911582	-0.25071841396657263	3.5550859236916508	0.275772244823133	0.2803434193305411	-1.5515884508533886	-0.18808848079217136	-0.41611827065744417	0.10907316429408495	-1.538818611795851	-0.598884445232513	-0.470709387512912	-0.06367219941883952	-0.20271370655140256	-2.0248467874234377	-0.46450791958709414	-0.35012474638356805	0.35012485955854944	542723.5590323969	0.00009211087568682501
-3.899446472914673	2.3042814389579735	-0.6268943831595702	0.5961653254346951	-1.0657235084360699	-1.668247547258303	-0.5106855597062125	-0.288034311491762	0.33287563068588844	1.3626367081501443	0.6860306116210426	0.4263022206028735	0.073854728886757	0.09636950651786778	3.4255372607875865	0.2796090232594696	0.2624165799486393	-1.6473074050089558	-0.1883437486880803	-0.38213636337013845	0.2583271820240171	-3.7120885038324607	-0.26374193658297507	-0.2708258185701314	1.7224158096249798	0.18344910391667194	0.36209438423784257	-0.362094535892087	-2.8885134332637987e6	-0.000020213954872645076
-3.898180304775408	2.3036760677162595	-0.6271541816937201	0.5964729767843638	-1.0806640077675222	-1.618916819608648	-0.5164771207069688	-0.2900794623050314	0.30892333557232177	4.171227879401721	0.23413016173255713	0.21669382365765208	-2.6000467951749227	-0.14717589414010604	-0.22830014858796893	2.040867312203835	0.3234378743361264	0.3518663407735087	-0.44427113070181384	-1.997814822423289	-0.49500148621294615	-0.3366700830118762	0.3435790349823846	1.922903475648117	0.5170393086708431	0.35758614310625925	-0.25888872498757737	0.25888859890472576	-7.731664425390183e6	-7.251006268162934e-6
-3.8597316086617313	2.208991973986302	-0.6057890529760143	0.6237513585428298	-0.06813295984012666	2.135226835550617	0.4180721314373958	0.3556855367837854	-0.39133438812632915	-1.9893954285215691	-0.49520703302060365	-0.348660083970926	0.3292892712123221	-2.4409608892980965	-0.4360938133324515	-0.3798655347867292	0.3878759596953927	1.9997065427744691	0.4931781793252358	0.34875711881428356	-0.3355882775041136	3.7913062973179072	0.2631565879836968	0.2738366004506867	-1.7204270766739458	-0.18006992795231874	-0.36228965910960936	0.3622898181434882	2.7832541573566208e6	0.000020568458220314787
-3.7999108993778465	2.2542002981235294	-0.646951634535286	0.6221812608432736	-2.562116421086042	-0.4306417606785382	-0.41640004608259285	0.33420786203691166	-0.8122096471760561	-1.7154693918629167	-0.4969980080030263	-0.29970795600717476	0.33120909833480255	2.0547669061468903	0.48630697549535645	0.34512991063550974	-0.35228872568964076	-3.3116822310770595	-0.2945067675135893	-0.25834636345355244	1.5927360008125433	0.1861603483027671	0.3917286256146992	-0.18950164337412506	2.286973512878516	0.43614995152007585	0.3757803107033632	-0.37578043103851655	-457072.13187275606	-0.00011354787266483552
-3.7204605165677918	2.134041258313804	-0.6303503911699859	0.6650303076585466	1.0999805694149232	0.7762879124760129	0.4211504905867244	0.14411489165537802	0.0908884367850862	2.1173167780012863	0.45527110600311005	0.354348917611434	-0.36813710760664914	-3.3415346750372685	-0.29175001161264064	-0.2556760653719874	1.6341275086757368	0.18392638655875093	0.38095318619647184	-0.2546540010053391	3.7088276962905606	0.2638024091647497	0.27068934484705803	-1.72245100074985	-0.1835642083659751	-0.3620823419135111	0.36208218665820396	-2.820569520716464e6	-0.000020661424769628855	-0.00002067350380711159
-3.683389588199407	2.1470416542234707	-0.6508942264218016	0.6683833300233838	3.9642713603621638	0.24613630307714285	0.2114014671152701	-2.5193157854939794	-0.15002005007158192	-0.23426731580484172	1.8891640036174895	0.3427383814555304	0.3848378958429865	-0.28894632567904904	2.361263876300719	0.4389460149854744	0.3878565303820326	-0.3642095027646145	2.4655672710062726	0.43390098772717894	0.3812700655252651	-0.3892378251226556	-1.6515264792998783	-0.5901945281894582	-0.3816766934682296	0.09026316655820306	-0.09026331535786378	-5.466558148913347e6	-0.00001011852856018318	-0.000010124434786177776
-3.675296622140234	2.137736066084232	-0.6503808881291162	0.6723343656051582	3.1234571798760444	0.3114560841525799	0.25214491106714	-1.5168551581887109	-0.1878188972019804	-0.4137388818797385	0.09225702552450091	-1.4999728563206443	-0.6056670682405606	-0.47365798100782414	-0.07697916647425844	-0.20590508798781865	-1.8579514260561676	-0.49776302627248736	-0.366974414910143	0.23214251946149297	-0.5069259662458494	-3.2490330516547976	-0.2873402692333113	-0.24400539168719915	1.7104171534510777	0.19303097334612349	0.35861702441317894	-0.3586171906200533	-2.5865712076333817e6	-0.00002331965016916933
-3.6562093837996916	2.113208210007376	-0.6480876469732342	0.6825376868160826	1.8914549361063975	0.5143293353132095	0.33452114469732863	-0.3228502733239386	3.878976289786047	0.2565227754835245	0.26748023692069733	-1.8308665733763136	-0.179295852193447	-0.33036442619392464	0.5364354249495479	1.9231665068255794	0.4956365477821578	0.32811923286018174	-0.34022373404514733	-2.054324950953138	-0.48917199462909444	-0.34305785841332204	0.34844753098814496	1.9211066239301378	0.5173785940325248	0.357291289414089	-0.25886442253111674	0.2588642889336423	-7.297764943390694e6	-8.169968226578442e-6
-3.516456392910228	3.104828924092483	-2.4293811170380533	1.4804992918119235	-0.8996201936152474	1.328568072818547	1.2321116889346495	0.6289566540866118	0.31485520908609516	-0.040917476409083275	0.2942352880344504	3.2494098312669344	0.28880991529850353	0.25695325695062293	-1.59742996320287	-0.19570119894168378	-0.39400733247303904	0.18537256693638313	-2.165761127032446	-0.45626530584609876	-0.39353919475491916	0.2922130990533719	-0.7874011944321089	-1.6684351783533258	-0.49971598837819453	-0.30560641768699914	0.305606241709173	-518472.6665195633	-0.00010835736963703534	-0.00010847177264267691
-2.736133094387602	1.8023664776021453	-1.0709314105087153	1.3671753584002895	1.6238995538898169	0.5473443460417577	0.30233962456651564	-0.27659374180702323	2.3777034435547977	0.4397370171582107	0.38607858520287425	-0.37380857501669046	4.550516325471534	0.21815549611689652	0.23228408606408613	-2.6099394007663266	-0.1456821306059575	-0.22957677744534055	2.043113435267956	0.32304039734938195	0.3520492087139927	-0.4459625342685977	-1.9804380351496895	-0.4941694803364099	-0.34085673246563825	0.34085687510738005	263717.0461701387	0.0002515202127114532	3.5756786238838703	8.939026331745833
-2.606341003256257	1.777177769798983	-1.2060351444074604	1.7508761481678798	1.0242819887003929	0.6565221029893958	0.2977748599671576	0.03074326794567293	0.3844190691871864	1.8220865020792993	0.478169782951836	0.3396985133328087	-0.3014245487598599	2.4199489989917127	0.4376616004561422	0.3782772420792464	-0.38658540918855105	-2.0002422673762745	-0.4930764888917787	-0.348824383270605	0.3356493117828143	-3.791345942924702	-0.26315469633716215	-0.2738384187807136	1.7204283649477865	0.18006959381554474	0.36228992723772263	-0.36229007948886177	-2.9072475378741943e6	-0.00001982941754200007
-2.5129226696515805	1.9551112742846575	-1.7927206369497153	6.157990487699297	0.1732247750452339	0.22806396011166774	-3.361390481024835	-0.12555220894041835	-0.17521904849350342	3.6943723178192913	0.18316338793487585	0.2070852030002086	-2.8469516887594963	-0.18110398034484068	-0.23633567266418012	1.982650077856874	0.2876559097191709	0.34618796643848443	-0.46974527816247624	-1.9245028918131224	-0.5004626727371769	-0.3441241944616871	0.3173408047186109	-2.0438913414345823	-0.5251461059853315	-0.43307031579811395	0.11560601116045427	-0.11560614560903144	-5.85094806598312e6	-9.360826499424005e-6
-2.509295610741563	1.7873617183641892	-1.3851683797624978	2.4863663915387244	0.5787730178553459	0.5871252976652549	0.1066141346368623	0.17318876019667365	1.3704057745852025	0.6364202930238763	0.44176058996511214	0.07624150453450834	0.19319724122767856	2.05512643314447	0.46204979050743566	0.34478074504205997	-0.36319475048594474	-2.04163711905422	-0.48896706291488434	-0.34368203439915745	0.3505602704081776	3.410846188019932	0.28578979664571524	0.252857315817685	-1.7042802692607666	-0.18305279900588298	-0.3591130210263803	0.35911317979234514	2.793599493074908e6	0.000019803766541266283
-2.50532457666405	1.9411023542951276	-1.7723513189562732	5.92588956857056	0.18096848855370104	0.23882591071592382	-3.057572309415505	-0.13231730465368735	-0.19443394341819134	2.9961249242806245	0.22102142950417106	0.2549317201869345	-1.727546885474244	-0.26598142293587795	-0.3881690774366901	0.24470751337647914	-2.359210984378516	-0.4364986515164241	-0.3738995592876354	0.38502208297419	2.034913170342498	0.492517164529824	0.340975068881786	-0.3463107919854402	-2.038129825699753	-0.4882397371641415	-0.3470455217669869	0.34704537576992595	-237897.17631579272	-0.00022509998562974395
-2.4938638080971876	1.9184150202109103	-1.7377741009294196	5.5358442814482824	0.1958155238285387	0.2590306212038481	-2.5669208171460154	-0.14480090485130337	-0.23680756083462176	1.929115751280252	0.3361533193014023	0.3789845442433935	-0.3282649540443207	4.514732864286525	0.21884697299939124	0.2311151909887826	-2.611285002433562	-0.14609578912514917	-0.2295475487347184	2.0424911818557008	0.3227542164624905	0.35199326579299084	-0.44612839923935527	-1.980303244432106	-0.4941747029657734	-0.3408435049022561	0.3408433639480594	-266989.79784704227	-0.00020344238590254475	-0.00020447827368116894
-2.483974611156686	1.8371911093491362	-1.5461124119667937	3.435497028786217	0.36648499697503484	0.4261920928083339	-0.4389465122654339	-1.9703133534821984	-0.49914474875926906	-0.3467720707216972	0.3267526385337053	-2.4023084454755246	-0.4384762578563859	-0.3902072281063618	0.3677906377487049	-2.467510131279877	-0.4319471733620644	-0.3838144373579936	0.39201205965815566	3.39242349612963	0.28718477342993703	0.25163267784861837	-1.7032227024986797	-0.1831468120764731	-0.3589188539903977	0.3589190144890843	2.764577695475588e6	0.000022830308112088794	3.486143542920704	8.814511162886312
-2.480267749007814	1.8224658915164886	-1.5202146187511905	3.3085055055384736	0.38271491911657857	0.4500643952020621	-0.3539460953014144	0.8354808682635942	1.6899442531863034	0.4994169555502194	0.300769869133453	-0.32318825424072245	-3.522550709008157	-0.27646008980976383	-0.24816546701749334	1.8215752281620292	0.1816213108098724	0.3271298881323924	-0.5423141641620544	-1.857556276442923	-0.5021039921865672	-0.3369857432579596	0.30963743276455635	-2.2916560141369215	-0.4633599802335262	-0.3975679242283573	0.2883348956840101	-0.2883350296529082	-7.236867109319266e6	-8.127068920359193e-6
-2.480044486250599	1.8273836504663727	-1.532189377961399	3.3875996018288315	0.370889916599115	0.43827719474188503	-0.40956047766243325	2.462354456612989	0.43249237270879437	0.3945912821961239	-0.372343670602274	2.474065856645206	0.43276676772654876	0.38151019207907344	-0.3918251399905412	-1.3369759153236345	-0.6946654202760424	-0.4219526216844397	-0.07696723800456162	-0.0905493578001939	-3.4898552358162793	-0.2745080847908994	-0.25915131822986315	1.716374256450689	0.18709778086915174	0.3605249134177967	-0.3605250864209232	-2.5164421916448534e6	-0.00002219545161728025	-0.000022236784579303762
-2.4800158508330328	1.8283380402834086	-1.5345006133576984	3.4032424339627316	0.36862713430599703	0.4360324846271606	-0.42080741455524295	4.533858585540723	0.2194304778662662	0.235742767725912	-2.550593315777098	-0.14758024263782404	-0.2352117382923096	1.918201577991888	0.3371814935973608	0.380487732940177	-0.31932013094302547	3.7719539143783116	0.2631078668581464	0.2731626185111709	-1.7211623821326083	-0.181028335669012	-0.3622631645887847	0.36226331488284313	2.936151611750079e6	2.4127344526110854	0.000043099951308699406	11.566265194379154	8.798841209432972	1.7158570509234619
-2.4800014118931615	1.827276425566871	-1.5320387926747914	3.387102078431638	0.3709340902347089	0.4384139006485446	-0.4092616881120966	2.4440550521485545	0.4350085525518514	0.39828460160076584	-0.36014052712642136	1.6748581951740995	0.6541561725739052	0.5110519437039371	0.09848555670485139	0.12088729001648654	2.054517030652223	0.46583337682579495	0.3617021177750325	-0.3338112339763734	2.443130747240283	0.435783734429889	0.38002516546716775	-0.38770815325869706	-2.0202010140190527	-0.4914676039252471	-0.3449079459620565	0.3449080962260439	227219.7890424991	0.0002452874756964834
-2.4799105238185226	1.827958705999306	-1.5338556817664943	3.4001690482733715	0.36899986650031663	0.43663150607867734	-0.4187353840197224	3.9429060997456684	0.25368703943661824	0.27015690586908503	-1.8335508533957736	-0.17864369204231412	-0.33072551087887364	0.538619260555715	1.9132826830539555	0.49456188886058294	0.33040134541189414	-0.3402705401959315	-4.129595635360875	-0.23648125301007644	-0.21726179655983732	2.5635900254678106	0.14842881716666584	0.23142401629041867	-1.9666051504497908	-0.33140797537388733	-0.3687103229759341	0.36871049164492176	1.268946337046449e6	0.000046094687612833476
-2.4798091879500794	1.8260281769111923	-1.5295641554516182	3.3730905864284098	0.37283806984018675	0.44078416947599663	-0.3995497834257797	1.8258652695369721	0.6038434698354064	0.48852411165943377	0.039310819874661174	0.11437269510490654	3.587348645037956	0.2674110947770762	0.2526533904164112	-1.8368048733826559	-0.18445130818913996	-0.3273541496386353	0.5506319521907987	1.7633106465890516	0.5213388858994723	0.3457234654367007	-0.24824493660161254	0.7466160344219326	1.6809234437324936	0.49629080292452066	0.30774141819735507	-0.3077415856083936	-550360.8939295554	-0.00009553051530908096
-0.2242360739084018	-0.2965195181262551	-1.9202866283065256	-0.451099434927664	-0.3297414495476959	0.3647111835254996	2.0395928251004096	0.4888823720405717	0.3433921877445954	-0.3504618486276756	-3.313564513394763	-0.29433961992143604	-0.25834739115588656	1.5940079231403266	0.18623736960006715	0.39113447612635327	-0.191017881031686	2.3038912447223407	0.4349097189847158	0.3723072475686218	-0.38483530072819716	-3.395291071454342	-0.28693205347821377	-0.2518322426372816	1.7034358651986736	0.183159459511954	0.35895319792259944	-0.3589533633746167	-2.681360056504591e6	-0.000023184496753468147
-0.221487442141956	-0.28621661585894564	-1.9696513830075082	-0.4432883486544815	-0.3277651677061623	0.3984178957007923	1.0248352749004166	0.8267769959671945	0.464595171352634	0.20435367526666517	0.08984855611249573	1.3800651789496536	0.6359261052599342	0.4561553731230889	0.0904823550225954	0.19409641621051638	1.8629351644099754	0.4966434892781898	0.3678363730590919	-0.23231348529150636	0.5069730319255391	3.249060204169211	0.28734383137504554	0.2440061074743239	-1.7104106554720544	-0.19302619616499872	-0.358616683099193	0.35861682385714383	3.054274313844996e6	0.000017829036282555216
-0.21331745350770437	-0.3143730600203646	-1.8950501749863424	-0.4526068089425901	-0.33103871596447504	0.35721024125054274	3.251035688498643	0.29989038222775083	0.26135364639454817	-1.5292065273894604	-0.18751959625492237	-0.41399187711601787	0.09947833703370458	-1.5229213632334073	-0.6010418956319497	-0.4709806878044058	-0.06829408159370597	-0.20358314364308971	-1.9759118699926894	-0.4714733746001805	-0.3566931745721323	0.3191939750430488	-2.046564140202408	-0.5240439584952369	-0.4328434638651292	0.11707206740215578	-0.1170722218870069	-5.10452504648286e6	-0.000011984165255288844	-0.000011987917544824696
-0.19032288649563292	-0.36880547775099864	-1.7884980693966366	-0.46354162877180166	-0.335361287732438	0.30948035935307955	-4.50767592556752	-0.21951930232761174	-0.23081941576095388	2.6092241768916153	0.1459374721809724	0.22953588904948097	-2.041721517824829	-0.32325534012367324	-0.35198784220808016	0.4444671111307606	1.997772557042389	0.49467212931347926	0.33684972188909945	-0.3443061120851124	-2.011142413596549	-0.49176041243973007	-0.35159654173390426	0.3315428810949749	-2.4317803593679237	-0.4348919359381192	-0.38498310300778366	0.3849832368567691	301575.824474956	0.00017472323123993427
-0.18922908778496286	-0.37351031555839437	-1.7770214668793094	-0.46500126534585073	-0.33572576148554006	0.30345468038774703	-3.669132513730737	-0.27164237706109357	-0.2792627210889993	1.6081177995063685	0.18325180818369927	0.39591966391417743	-0.19144179196568512	2.265468106940303	0.43789138018172713	0.38100683874579166	-0.3626042134212915	3.9061781832626576	0.2552226082122832	0.2684963717382321	-1.833612980221186	-0.1788830797649045	-0.330382983752847	0.540307303551629	1.8972369667697075	0.49626641535005367	0.3324867170482398	-0.33248686171331343	-341661.91707797436	-0.00015838776250802304
-0.09390765566896993	-4.82577472204636	-0.2032651547851335	-0.19884511248497833	3.3260382682435665	0.12849285268166033	0.1751366075490471	-3.6295175781177145	-0.18561630708863402	-0.21033432131443394	2.7473064588464005	0.18658567463425632	0.24489616859049648	-1.8034784902879575	-0.3063184150404711	-0.3869167833983333	0.2668658675107961	-2.3469478044011884	-0.43734945034396766	-0.3859552174925674	0.3693625019895247	-3.813377333142137	-0.2621141488737505	-0.2748386243118181	1.7211388190311323	0.1798854368288926	0.3624369218804183	-0.36243707654999846	-2.8619530940103508e6	-0.0000204248092569437
-0.09286109985913231	-4.649057709190028	-0.21088509531029231	-0.20576373842794968	3.086665954731197	0.13413762409930094	0.18966138430237728	-3.085127509185176	-0.21453906419738497	-0.2474109991394145	1.8706047802381949	0.2539011618342706	0.3538394933850584	-0.42423514767904486	-4.466943401677152	-0.2178606818403976	-0.19922489497041576	3.072097547015147	0.13523557154454283	0.19020101077396626	-3.0530736335161968	-0.21639479007083176	-0.24963904475181853	1.8244034123510782	0.2576652043182137	0.36503825562750614	-0.36503841388536135	-2.0587433515411904e6	-0.000030050220897041983	-0.000030110797703642112
-0.08781499796717762	-4.223717555060354	-0.23193608947653807	-0.22443396183321096	2.5305357772444785	0.14925381441740038	0.23556141580104073	-1.8893805565678647	-0.34209974065168447	-0.38490120364814207	0.2892660525578239	-2.3745042498915994	-0.43628682085890935	-0.38638316671649786	0.3743623008839105	-4.907361551575767	-0.20198832844875925	-0.2155233847438408	3.0775423006883353	0.1337139267875754	0.19115128438500179	-3.0558101740314543	-0.2165627029110013	-0.24977003249220692	1.8239667171421519	0.2573625396086085	0.36503199729841	-0.3650318387217664	2.057421094494437e6	0.000025930482282571102
-0.08781348126228201	-4.2244789394361915	-0.23189522009224672	-0.2243976749263391	2.5314912705376877	0.14920754916850948	0.2354896831818163	-1.8913891659009752	-0.3421107668374879	-0.38402145648481334	0.29072191679482906	-2.402670178804168	-0.43640461398305813	-0.3771034242919063	0.3860051780622508	2.0348281763669513	0.49243608739633005	0.3409832857353562	-0.3466808264289352	-2.008909514073122	-0.4922392742488514	-0.3515906855049391	0.3305039107527356	-2.308365159748931	-0.46155621500232125	-0.3986365123564456	0.2904730006025107	-0.2904731429987125	-6.812609156963266e6	-8.880541646374813e-6
-0.08781241752642291	-4.223549835813092	-0.23194525099936	-0.22444194876565776	2.530322464834721	0.149260588011443	0.2355828666375299	-1.8889419877629068	-0.34217349352229975	-0.38498202869437426	0.2888063126068734	-2.361041278780279	-0.4389447288689029	-0.387862489675483	0.36417159357634765	-2.4643522965206146	-0.43400433737411787	-0.3815637839615176	0.38853189123216664	2.033633068324417	0.4930069143490336	0.34068195989488315	-0.3457291452189434	-1.9221828733387667	-0.5171815570935041	-0.3574533682217655	0.2589133675257355	-0.25891349357522836	-7.734324033912461e6	-7.466538681213475e-6
-0.07983668198793034	-3.7392256005715234	-0.2618443811630696	-0.2499331440252559	1.936873194605105	0.17547246335839548	0.3080975432920918	-0.7353540037529347	-0.9563768607793747	-0.7070804747107139	-0.3925343174038141	-0.16384901066161406	-0.24280818041731353	-1.3685729015284671	-0.5942975447161236	-0.41848892716936226	-0.04177400256829068	-0.26597911320895734	-2.0042829273603076	-0.464971310056319	-0.33906390120486335	0.3603039682067266	2.0311320353578965	0.48923232828358876	0.3462616077117069	-0.3462617530704043	-239221.372016344	-0.00021572031073337038	-9.327195030661084	-3.6568935450702065
-0.07958442864447735	2.2769435493236614	0.45509174653750223	0.3660274819710155	-0.3737267939884518	-1.997474899079046	-0.49412459604693665	-0.3502047935817307	0.32977765020604927	-2.404795281966481	-0.43826877339875897	-0.3902261581648604	0.36808037025096296	-2.4675838783953106	-0.4336071895562529	-0.38184353503900925	0.3891331950484355	2.031071570415628	0.491074749607824	0.34242944094797934	-0.3491584332090262	-3.4114825588107913	-0.28574272286424474	-0.2528991312198245	1.7043153483281848	0.18304901177380647	0.3591196293780069	-0.35911947007643713	2.784173547505406e6	0.000021202493026861068
-0.0795786058745148	2.2769425578853544	0.45509074592986093	0.36602774885779227	-0.3737301618248505	-1.9974556327398367	-0.49410743575366256	-0.35022048914112763	0.3298071931117679	-2.41217244240721	-0.43646270713296476	-0.3897479721014253	0.3743020831993209	-3.7211503418108554	-0.26926000067630423	-0.2813331906116535	1.6129042549772503	0.18282276073005704	0.39440183201352846	-0.1958501172959381	2.311556272699811	0.4356312138923249	0.37030291781594254	-0.38505992210186246	-2.020987003875666	-0.4912226012367658	-0.34502050389475414	0.345020651878409	231611.8218836968	0.00023158222754437904
-0.07943431324595795	2.2772458616203566	0.454998064206026	0.3659995326725978	-0.3740662927358945	-1.9262899241188207	-0.5089120329056331	-0.3585321713520076	0.28147181505491686	-0.755259975719113	-1.7606715321914288	-0.4874276245271312	-0.3013131770853667	0.3547868667673713	1.2376118455273393	0.7305289086320651	0.442864376414227	0.12409843008823278	0.10935484922553357	2.116463602510304	0.4574077388432154	0.350419365931305	-0.36947449524243076	-1.6613738758506	-0.587593093732481	-0.3826519804147141	0.09228537319202591	-0.09228551474466319	-5.754947475742266e6	-0.000010155538053552862
-0.0791938281944451	2.2851715288519174	0.4533137391651597	0.36516537506301605	-0.38035525152831806	-1.0455106438272612	-0.8240623860005897	-0.4655646484165835	-0.1998737195334755	-0.08612529606034482	-1.4219968092931377	-0.6238524566024694	-0.450266026569522	-0.07078097144786923	-0.19711564756183664	-2.0533456290233008	-0.46268914845899184	-0.34452142819604115	0.36244392843801787	2.0443013191135098	0.4908702573790462	0.34191911531471786	-0.34722046611388596	-1.9215884625504578	-0.5172900515404146	-0.3573645393409042	0.258884783568674	-0.2588849258819782	-6.850639156226231e6	-8.114975395728088e-6
-0.0790399466018457	-3.7083662106846753	-0.26403294457240045	-0.2517370387305112	1.9004143986452853	0.17740549552154236	0.31412165554575183	-0.6701351547792959	-1.1298662947030818	-0.675337840217746	-0.3880010897087256	-0.09530329261050026	-0.2175835622649686	-1.9315006925594709	-0.4729447238793271	-0.3575099944005733	0.3039436809330738	-1.6405527306753238	-0.6543579158751509	-0.5046405424697145	-0.09624535390087204	-0.12359955426776019	-2.087099994349092	-0.4608710190205999	-0.356144438422464	0.35614432149099007	-477210.22331532364	-0.00011952013504826663	-23.573295341478904	-1.505279528980429
-0.078271025953781	-3.680404460361687	-0.2660511671307581	-0.25339192794507465	1.8675118668439674	0.1791772830891607	0.31979224137925155	-0.6119678320273149	-1.3586239705133447	-0.6249858645195335	-0.3722761957180985	0.00412460737025948	-0.18285373966822577	-4.116066238161938	-0.23258895047989062	-0.22078801764357187	2.535212644592809	0.15211950042611536	0.236442040086008	-1.8713843469476912	-0.3421901187944067	-0.3872179701600291	0.27489580577330563	-2.044163747663404	-0.512297300733785	-0.4232373576212319	0.14137430884245197	-0.14137444417773698	-6.100966781758478e6	-9.134406768826919e-6
-0.07680323360335554	-3.6422665728908465	-0.2688844393976715	-0.2556792097410919	1.8225246341953965	0.1811614128804356	0.32874236994721096	-0.5347980450920541	-1.9238007773385182	-0.4954955235015261	-0.3282055073345646	0.34034781631317657	2.0545005438990325	0.4889329791671922	0.3431570075988407	-0.3490205720891862	-1.9451028966461805	-0.5081938320978459	-0.35699599124497167	0.2823185448397552	-0.5639050507018446	-3.223262189531654	-0.28925876915112275	-0.2421050006775338	1.709172184059896	0.1934384098188256	0.35834684156032726	-0.35834669736714075	2.9804568260267186e6	0.00001987751374186869
-0.0767975877838564	-3.646256127651482	-0.2685967156085121	-0.2554374429990772	1.8270702982927496	0.18073245277325337	0.3281988117708952	-0.5431295531105423	-1.8579142845788785	-0.5018698512099902	-0.3370105008597563	0.31040444710605863	-2.3903979295884707	-0.4395856386498835	-0.38914553300610455	0.36695502677026925	-2.467070968371971	-0.4335613120320895	-0.38182819562450315	0.3894161705585874	2.0194826435642734	0.4916006284332694	0.34482120830461327	-0.3448210722729464	250798.1499814943	1.2231372483086276	0.00044552920740207995	25.438757378002418	1.3696790053077514	1.3469027100020263
-0.07679375993225233	-3.6422772535799806	-0.2688843521316942	-0.25567851723121016	1.8225281622252403	0.18114749847821168	0.3287649266652579	-0.534840119557886	-1.9244562248357306	-0.4949918904224264	-0.32834130601192874	0.34163341101411354	2.013175973081294	0.49151187033043564	0.35144977044076975	-0.33199044731016614	2.4428245488401648	0.4359235246246053	0.3799947482092225	-0.38796736324363595	-1.992361238477433	-0.4951798488201936	-0.34925215525624403	0.3294860078560474	-2.430336281266547	-0.43504292556375	-0.3848710444754523	0.3848711842261992	288776.7329380913	0.00018970651636989258
-0.07676779010631818	-3.6417905289110424	-0.2689214244364071	-0.255707915062379	1.8219494798681144	0.1811640037761042	0.3288990094400177	-0.5338804035492968	-1.9352638720051472	-0.4927014191644245	-0.3275577136788434	0.34944890665384654	1.2221113717288765	0.7411116719260388	0.4459691503129862	0.133196359567948	0.1018916161252437	2.0679664059335088	0.4606064641347276	0.36209916075289994	-0.3426101022829632	3.7953453838974767	0.26290570083303066	0.2740346703228365	-1.7206402929052445	-0.18008339097712908	-0.36232310471478274	0.3623232613688004	2.8250614212158136e6	0.000020389308138560384
-0.07322537412778796	-3.5974915593739194	-0.27242634562018453	-0.25840341437463216	1.7684335716851205	0.1811550607129185	0.344427770368931	-0.4501287248868842	-4.025384532385817	-0.24009090953799533	-0.215213231443892	2.529448937198357	0.15101501392288005	0.23498969453977164	-1.8861317727403462	-0.34149067435100877	-0.3849781484390227	0.2881231730765582	-2.3580739458349713	-0.4392374668602055	-0.38832558887909213	0.3626545385898663	-2.3315215445624227	-0.4589496975958032	-0.40046138618052235	0.2924083057721737	-0.292408457165919	-6.408151619221597e6	-8.905558939442007e-6	-8.910591497291625e-6
-0.06756976670730208	2.2677516908225903	0.4545078700262972	0.3673419002294433	-0.3751649132998063	-3.562477104353854	-0.2733639915971781	-0.24339048736320018	1.8922175858992605	0.17831238327991156	0.31319342126967087	-0.6665892910417642	-1.1399344100484312	-0.6728458141883861	-0.38750583967794155	-0.09098036604371727	-0.21745493133665234	-1.970758357773193	-0.46612871568697917	-0.3531077575363218	0.3312086739323544	-3.7875703906613096	-0.2632361790797353	-0.27368731109046346	1.7204435889071723	0.18018174336944975	0.3622750436980804	-0.3622752069276606	-2.710866852946806e6	-0.000020893133367408085
-0.06756976670715814	2.267751690822422	0.4545078700263023	0.3673419002294652	-0.37516491329977864	-3.562477104395563	-0.2733639915940139	-0.24339048736096344	1.8922175859478412	0.17831238327738638	0.31319342126136873	-0.666589291127635	-1.1399344097634807	-0.6728458142528746	-0.38750583969084557	-0.09098036616600423	-0.21745493134696162	-1.9707583566346223	-0.4661287158737981	-0.35310775766758534	0.3312086731539129	-3.787570241995566	-0.2632361899802039	-0.27368732082933156	1.720443420337092	0.1801817515217337	0.3622750833515676	-0.36227493132975624	2.910724708980769e6	0.000020318340902355245
-0.06492779140245619	2.2642197351739832	0.45469179425316203	0.36779424014973106	-0.3743171232696813	-4.6939714276243745	-0.20853427800390942	-0.19353629751817	3.327035378084832	0.1286388191534665	0.17454836455114975	-3.6407019850305438	-0.18515534209061985	-0.20969276318437036	2.7657497545675067	0.18562650838571096	0.2432076803806536	-1.835911331308124	-0.3013907465146088	-0.38089505764704107	0.30483449391551326	-3.7582808945819037	-0.2632905804721393	-0.27263039747825674	1.7213853119526719	0.18153823855898374	0.362220928321878	-0.3622210839079297	-2.831979782349608e6	-0.000020360797362787798
-0.06359913800087486	-3.4529413422983297	-0.28437039345980036	-0.267572006485872	1.5987267979161828	0.18503849488720364	0.39407138158987187	-0.18917797142734413	2.262659643178655	0.4382488870401319	0.38101223827238767	-0.3616135296666099	3.712288453408469	0.2696343383783242	0.28093249266664244	-1.6126867983077353	-0.18295401940043426	-0.39433610403542235	0.19582515059060498	-2.3115514391750422	-0.4356365175969251	-0.37030211753380826	0.3850568141356997	2.0209881244227152	0.49122245936447717	0.34502070019045283	-0.3450205518901823	231117.12281110033	0.00024300284117845385	0.0002436537945896104
-0.06326653240905715	-0.24307685665533	-3.264310690869259	-0.2851124908354568	-0.25747736974970503	1.610804907431952	0.1977583473723549	0.3903535160006296	-0.19941569881649276	2.316775315466313	0.43589168744515383	0.3705328735949562	-0.3854005015038757	-1.930322094745573	-0.5115259231687259	-0.3543905849615268	0.28012004003943713	-0.5126140471722653	-3.979530966599534	-0.23842177463349062	-0.2106940700891544	2.578114458275778	0.15199017358005254	0.23162286816674224	-1.959944342906657	-0.32869110082732694	-0.3685067257655044	0.36850687313810676	1.4808796623969127e6	0.00003724558753934843
-0.06319647313780208	-3.4477197483661044	-0.2848259362827087	-0.26791366656617027	1.5926393461037154	0.18514254210891357	0.39614873224652103	-0.18036610991921326	2.156123369628254	0.4568989172277625	0.39362006726117854	-0.2890195343796742	0.7706436154585353	1.7126075377973446	0.494347586255	0.30392539457759304	-0.3275378702227989	-3.3214624189620827	-0.2935572572086148	-0.25904907015518464	1.5935992165839294	0.18626156078960115	0.3918375808983046	-0.18978251188549258	2.287223724377741	0.43614023873451074	0.37579904313368573	-0.3757989294340246	483573.1746697783	0.00010723699218921433
-0.05956261447653861	-3.4005395432528562	-0.28900880795271805	-0.2710358842900774	1.537937438624409	0.18622509777178403	0.41536965353722793	-0.1023796291708884	1.527666933740233	0.6002733000731272	0.4707855464085101	0.06691975239142367	0.20304067178569601	1.99564452591643	0.467412923044589	0.3549681739740542	-0.3339172759695111	3.692157650465148	0.27063789273686056	0.28015975910228585	-1.6103178207765891	-0.18297922961720633	-0.3952244330041511	0.19365289715405282	-2.29001356964417	-0.4358703487054175	-0.37603832800512055	0.3760382018001532	-435243.8402763871	-0.00012151917457465956
-0.041577367379303586	2.212776391978093	0.460575004258206	0.37406231047959443	-0.3514520340980632	2.420205720130806	0.4366784543859748	0.3914423379161008	-0.3692347107866352	2.469127801381759	0.4332392255861461	0.3819958716392844	-0.3900036021761366	-1.990568778523682	-0.49537451085406997	-0.34935114894551067	0.32905305937517504	-2.412102524951733	-0.43643733704214166	-0.3896368826554939	0.3746005505230186	-3.817013388242656	-0.26196547139046833	-0.27499704500494804	1.7212252603185731	0.17983829001732846	0.3624586459690559	-0.3624588099365423	-2.699862796792975e6	-0.000019817898540049684
-0.04155116251376398	2.2127586906057095	0.46057320042492617	0.3740650397188339	-0.35145693706644054	2.42168612166923	0.43630402146488245	0.39136160787459723	-0.3705023473451239	2.660880045375469	0.3961850024741995	0.36387805105755266	-0.5500140256396028	-0.22573078806130278	-1.4523582279562057	-0.4944412068560174	-0.3829251331885712	0.05891596793912473	-0.5434140605546347	-1.542399865397128	-0.5247866658008424	-0.3432568843449045	0.162156094008081	-0.6357447648094245	-1.7335882332363748	-0.48857575981884815	-0.31554456419500143	0.31554441498627467	-596686.4710700766	-0.00008622544291074995
-0.0414745156019709	2.212721885807306	0.4605647489652134	0.37407137229229215	-0.3514826272455358	2.4274314416745626	0.4349207166331124	0.3909692411062787	-0.3753205468784106	3.6806657712373774	0.27252529301766953	0.2841279346303203	-1.566823887631862	-0.18353869561378602	-0.4106638402620359	0.12954317265068804	-1.676828808758338	-0.5664753168189592	-0.4483072498188036	-0.0006938440612318862	-0.18704823784930574	-3.431237227647543	-0.2774836780685495	-0.25572738625787883	1.714902426514354	0.18836309897269504	0.36008423173686754	-0.36008439769976197	-2.6165220230601043e6	-0.00002150799050536239
-0.04145993177849875	2.212609470119218	0.46058550198446524	0.37408419903358014	-0.3514075975667196	2.4186016457282107	0.43670643261247405	0.39199213222964713	-0.36849144978081	2.4309673874047903	0.4354791919466446	0.39293408089987525	-0.36941058479368705	2.4317492335583757	0.4353943785786009	0.3929671279822145	-0.3695417416822728	2.4411650048267135	0.43351408935158364	0.3918611566549447	-0.3767837043925254	3.818469395286479	0.26189964891037965	0.2750617848035199	-1.7212687763226842	-0.17982466900518226	-0.36246801358697006	0.3624681653215202	2.917556125725872e6	0.00001908996769229121
-0.04119899393103785	2.2223229801198734	0.45847920903723577	0.3730226736029402	-0.35896920451251163	3.9407933382038953	0.252844478850319	0.26608378217365614	-1.8760883368960153	-0.17721029276371222	-0.3215238742487254	0.6132828480216568	1.3602624461347765	0.6245951092070513	0.3719735153043045	-0.005172015720537748	0.18273289642741292	4.151300627963504	0.23071401967725713	0.2192254713824545	-2.5793178831702748	-0.1505537958258199	-0.23219614481392117	1.9618857220734494	0.32923129525798406	0.36861321226377464	-0.3686130591862603	1.4194778432016177e6	0.0000397719357626589	0.000039839082712332584
-0.041198409249629205	2.2121402942188886	0.46062955757756735	0.37414369940152803	-0.3512347744670269	2.4060333853907965	0.43864670985741266	0.39422302989219254	-0.359846115435986	1.7872999937734115	0.6109712617695519	0.487176130825813	0.04527438775303982	0.1141444688641135	3.420390408893208	0.2804902504481061	0.26198242618974643	-1.6462924827595988	-0.18794890697426853	-0.38205914841330185	0.25804142570044947	-3.7118294412251345	-0.26374630112561004	-0.2708150873523984	1.722419221216948	0.1834585852248917	0.3620934716941765	-0.3620936236728832	-2.882266158593914e6	-0.000020086771122973842
-0.041028296587394035	2.2211425574587116	0.45869155481801865	0.3731574262074085	-0.35819054324200045	3.7107905919566906	0.2697417816222274	0.28081091375621564	-1.6129802494019394	-0.18293064679157042	-0.39416652770957095	0.19638721208077678	-2.3195091841981084	-0.43440114269674973	-0.36932006444728116	0.39057825983399974	1.337849528016599	0.6940188532475056	0.42190270301723637	0.07658302688805892	0.09110735933841729	3.489485693824241	0.274523905661739	0.2591308364614989	-1.7163686460873837	-0.18710752862752927	-0.36052247507745405	0.3605226285677269	2.8362857129410356e6	0.000019479897092255605
-0.040709005769646325	2.21088780563356	0.46079152559351677	0.3742964166065205	-0.3506276375278265	2.3500419525331906	0.4493892101724476	0.4021322437567234	-0.31900390113737204	0.7974373074320411	1.7207904538290624	0.49542813670808744	0.30051370262892013	-0.3332762549294334	-2.024537866558649	-0.4881806242671725	-0.35107205663658797	0.3399496859575225	-4.500766306785618	-0.2202999803925551	-0.2329507500473844	2.5735842336266237	0.14698793332113003	0.23282002588689596	-1.9676168825320934	-0.33124620265265065	-0.36884628648876383	0.36884613241203923	-1.389091953504681e6	-0.00004054599748163438
-0.03522179672000584	2.1914694029937425	0.4637686307873167	0.37661406897520217	-0.33978723837679803	1.6593289778276914	0.6562053829086649	0.509311820975395	0.09930199653917801	0.12060286276680851	2.054416176001622	0.4657760905617203	0.3617184666652092	-0.33379021759224226	2.4435593498376216	0.4356150194101207	0.38006771926286376	-0.38819535408365824	-1.98659318880788	-0.4962176527871955	-0.34997529878404754	0.3258283845481573	-2.0491230495587383	-0.5247633384282994	-0.43382318426106015	0.11533204664413219	-0.11533220359146214	-5.004985269418796e6	-0.000011650416160938721	-0.000011661349802798626
-0.03163945255162855	2.141762803584168	0.47390594465042696	0.38231140723569623	-0.30521201152839533	0.823464720600806	1.6052359186408987	0.507077240221689	0.3065470037878627	-0.27781928126398286	3.812904456775898	0.26029994870247886	0.26824939184306884	-1.7894738565585568	-0.17956256841025867	-0.342236280268265	0.47227717988851137	3.226560510909907	0.29727254902991296	0.2531274530370901	-1.5934282454742503	-0.19024418181625644	-0.39082213706328167	0.19088755095375448	-2.2887170949872084	-0.43620548657460384	-0.3758865495779603	0.37588642507791226	-439653.45288869354	-0.00011809358319241853
-0.027294479280874483	-1.4029881272859195	-0.699162525929312	-0.47570329865297895	-0.11657566760089362	-0.1125977471222847	-2.054108671716656	-0.4645278249377001	-0.3622609988324652	0.33346774421714803	-2.4413322557785477	-0.43414411361738725	-0.3824677899790456	0.38984303960445454	4.1360473201855985	0.2360902650910152	0.2149136488768477	-2.598804092798834	-0.1472240666630452	-0.22805788028047405	2.042075005276013	0.32322498030435115	0.3519106601550323	-0.44581485153056183	-1.9804998132089442	-0.49415844279356413	-0.3408644065198062	0.34086426302987627	-262168.5469789578	-0.00019271184596640246
0.0024398757729318407	-1.5430656524215673	-0.649086893882385	-0.45617263346295667	-0.06030153981752284	-0.10622187953038623	-3.386199472503074	-0.2829832342907885	-0.26432935574535843	1.606786470960567	0.19079534770550322	0.3919998581889337	-0.19594304002541715	2.3082099099087316	0.4348192825891538	0.3727708355064618	-0.38496806403392075	-3.4936278178325653	-0.27866129258578803	-0.24656874573915855	1.8174032927029973	0.1818426100389775	0.3272653559809483	-0.5376204767572234	-1.8980476693315311	-0.49603324933912507	-0.33260781431074443	0.33260796712487445	324103.5715876848	0.00016192985498690438
0.0024490820314572834	-1.543093632178354	-0.6490789844449535	-0.45616845699876524	-0.060291554070063494	-0.10621312935355709	-3.386746897048864	-0.2829317539275766	-0.2643036099568673	1.6074185747270968	0.19089291853468526	0.39157805533613127	-0.19656389900278545	2.313547429723081	0.43566914952797714	0.37045892765638644	-0.38553200989826397	-2.0003325978676787	-0.4929611255854128	-0.3488599874408796	0.33565669000056414	-3.7913485016306305	-0.2631543463274427	-0.2738386043982221	1.720428613396866	0.18006976678037948	0.36229000878258755	-0.3622898549933437	2.8781689353257976e6	0.000019727155278526934
0.026918553316515728	1.4043258497430615	0.6986926885878442	0.4755069828312907	0.11611129093006906	0.11241499514392721	2.064261021013441	0.46205436564590613	0.36160523360948627	-0.3418404349044336	3.6959681692287303	0.27052438047187044	0.28050613114097683	-1.6086937973578643	-0.182799680207845	-0.3961369759502039	0.1914374751821693	-2.264843578911372	-0.43797834229122495	-0.3810751311183409	0.3621854364821787	-3.8083702553325547	-0.2623160656404549	-0.2746204315191649	1.7210244076371883	0.17995354776975325	0.36240727465930395	-0.3624074447675395	-2.601914481804208e6	-0.000021990650694937894
0.027908973319692915	1.397257501740546	0.7016724133633105	0.476433249535404	0.11907024056269283	0.11161980787971554	2.0304413252508695	0.4680639007293404	0.36600499817952703	-0.3179030053688259	1.6278212289323268	0.6639174871546222	0.5100463081784071	0.10678747350253474	0.11965768053770727	1.965791487204704	0.4822684787998256	0.37290883073729697	-0.2721689200067199	0.7927405475035073	1.5968725242432784	0.5090093595743017	0.3090622593627111	-0.26435932606130064	2.382007578066194	0.43923973392242555	0.3812161912553983	-0.3812163304028724	-295195.9097576253	-0.00018394214921179218
0.035219653730596635	-2.191449018077057	-0.46377255431872555	-0.37661640384222583	0.3397733834127829	-1.6586477222016396	-0.6565243026925267	-0.5094037725557133	-0.0996355418700195	-0.1203734358938633	-2.0526379236757113	-0.46577388649435236	-0.3622490071395475	0.3330719799355302	-2.417254783883372	-0.435581263001386	-0.38924912706459924	0.37683093443401156	-4.524248966413823	-0.2194783022995947	-0.23378661011070762	2.5739620559634684	0.14688602266876682	0.23288802188197422	-1.9677237335973587	-0.33126082264956813	-0.3688547241624955	0.3688548908882452	1.2834928565407926e6	0.000044117079846575814
0.04107872105960808	-2.211941103909078	-0.4606464269224665	-0.37416922307081996	0.35116746182979286	-2.4017920337216436	-0.43922510666017256	-0.3950807436287245	0.35707165453239403	-1.6717549257462814	-0.6548142640451229	-0.5108974573388831	-0.09897981744746676	-0.120599948965843	-2.052356911110713	-0.4658668366182732	-0.36230130843499575	0.33286804462422365	-2.399630994290986	-0.43882569279186123	-0.3916726768656657	0.36377945621199403	-2.0744737716129458	-0.5219682907152662	-0.4367420402429111	0.11575444995318661	-0.11575458587074398	-5.759537404395371e6	-9.789383997956956e-6	-9.798647973479987e-6
0.04113737243326861	-2.2220985452183384	-0.4585134354881743	-0.37304914220984564	0.3588415774888843	-3.90240848490342	-0.25546500718482784	-0.2685114518049325	1.831568735011852	0.17910173414082356	0.3305087305639713	-0.5366235476707769	-1.9232433185348223	-0.49546893723046703	-0.32817367501536926	0.34064986164725125	2.0518718749881617	0.48724903345715664	0.34485332234992677	-0.35178461648686504	-3.4102939877254883	-0.28583105219558774	-0.25282094149858236	1.704249140150315	0.18305578389819746	0.35910727430524525	-0.35910744038142806	-2.6706636723783193e6	-0.000021079962142601	-0.000021095926982396283
0.041148629453043886	-2.222126298808805	-0.45850996736495236	-0.3730457625373261	0.35885480951566917	-3.9061558607343376	-0.2552144316286598	-0.2682622626727087	1.8358734815876576	0.1787128456566462	0.3299681939153143	-0.5445159468853903	-1.8600015995448398	-0.5018875873904993	-0.3364592482107304	0.3112477895028159	-2.426937103698979	-0.4377266306399322	-0.37870181444299633	0.38574034999983453	2.034743102568426	0.49259744494242785	0.34095280423520136	-0.34626238972428436	-2.0381520588559705	-0.4882359249118265	-0.3470480550861301	0.347048188847765	259662.32055614103	0.00019502241025548788
0.04144741898819321	-2.2125908437660557	-0.4605867989132563	-0.3740866241114097	0.35140222552595746	-2.4183525127138914	-0.43672565725896173	-0.39205945249245905	0.36835127992726774	-2.419731966096563	-0.4372347966901324	-0.39491110120435063	0.3616152555482928	-1.8286414333481635	-0.5966756584844328	-0.4794628388800726	-0.02476193935089756	-0.11280736352404164	-4.2024303081638	-0.22953141657871573	-0.2213717088202827	2.576692383482213	0.14972579418253296	0.23222083508417868	-1.9633538989476358	-0.32980376110485493	-0.3686630686365006	0.3686632257703877	1.3771123469284917e6	0.00003840485869565899
0.041460175981731524	-2.212609815501392	-0.46058548052046633	-0.374084153704804	0.3514076886605797	-2.4186048092100165	-0.4367064097377069	-0.3919910067431029	0.36849286190181746	-2.4310259085182437	-0.43547867552133934	-0.39291310901325477	0.3694371794972621	-2.432889647519422	-0.4353735213352234	-0.392572164179202	0.3700780098605582	-2.4691516041561266	-0.43178666981920094	-0.3839366140694475	0.3921340327600164	3.3923701124190404	0.28718889024369315	0.2516291099828304	-1.7032193979341188	-0.18314706142696835	-0.3589183220171664	0.3589181717583518	-2.9529825756046013e6	-0.000020433951018232388
0.041549086653159546	-2.211990313542984	-0.4607358115073077	-0.37414982052498297	0.3508759317942536	-2.3516499746202357	-0.45128219448765855	-0.3991981746526188	0.3166733735210429	-0.6004256090762492	-3.1582797770868343	-0.29499193930281126	-0.24343126710090215	1.6504550926144927	0.1947030463922974	0.3760763187390201	-0.27416496175055843	4.436481055495068	0.22075263646314097	0.23094264900575187	-2.5785700223907835	-0.1481798521896939	-0.2328938009434995	1.9653798308489134	0.3303341051106386	0.3687790336591439	-0.36877920904199357	-1.2283852099314998e6	-0.00004616961492206608	-0.00004627822557274937
0.041560783694002165	-2.2128704246013466	-0.4605515404896932	-0.374052436561748	0.351534922895109	-2.4310899964269814	-0.43439195679011483	-0.39029318032752713	0.3778102558396512	-4.495387755689639	-0.22093152730546092	-0.23532328643369896	2.5364615267618156	0.148104280112541	0.2365400718700876	-1.8898717259334203	-0.3421810064875265	-0.3851172858954965	0.2888826764165782	-2.3587876641605465	-0.4392085631216954	-0.3883698880830384	0.36271853267578225	-2.3315741256386655	-0.4589442614966283	-0.4004645576476259	0.2924150386621998	-0.2924151671879551	-7.548339032047396e6	-7.90176017976783e-6
0.04320151343295008	-2.227451036141641	-0.45782315143184676	-0.3724014495903812	0.3614707779647739	-4.877556976590183	-0.2031516885722589	-0.21623044072003447	3.048282333232292	0.13443792490983206	0.1931299599357685	-2.9905467549866076	-0.22097363799191136	-0.25490137956356423	1.724838566817989	0.2663594811719552	0.38957747310873186	-0.24161771373787455	2.308819382671901	0.4401534271389169	0.3855235988567244	-0.3579438662787192	2.327539908243971	0.4593560002286963	0.4002357903784801	-0.29185820376336674	0.29185805649961954	-6.586690996983757e6	-8.653749547847917e-6	-8.661604564653064e-6
0.04362206183547475	-2.2158559026649796	-0.4603555939530584	-0.3736625454541663	0.352357414462135	-2.4673212804630267	-0.43236277921614663	-0.38001291163099393	0.3972173289762463	0.9694680896680338	0.8647314838274599	0.4724912204391342	0.2253726483437343	0.07652658405119517	1.2541446095236024	0.6839659361296434	0.48153118856932686	0.15360556405030146	0.17922321549971146	1.3697584582438873	0.6201135716863457	0.43651921277068306	0.06838374149060616	0.21692010808177326	2.0092969061681454	0.4644334642966429	0.3487402588466785	-0.3487403724000488	-563163.3416180689	-0.00009265049401773315
0.043757206880305904	-2.215946425769673	-0.46036505075340384	-0.3736485864116038	0.35233153073742046	-2.4591329737488397	-0.4343653032518614	-0.38047769588600605	0.39012599531266734	1.3984576287848887	0.6723246253704667	0.41361496575836415	0.04777616177998313	0.08855044966042147	4.602826757285357	0.21003736758967917	0.20528770801474072	-3.084215436885836	-0.13561423222864705	-0.19087821478324038	3.0493761071206906	0.2159266352148958	0.2495254969209906	-1.8253460033963569	-0.25822783734373694	-0.36506731889014954	0.36506746690648095	2.195384675130593e6	0.000026115630051018932	0.000026140958051424537
0.04626907242963916	0.24241585059022774	3.4639841580198545	0.26980358236482	0.2471615955258965	-1.8327999753190503	-0.19000282299370877	-0.32870886262364524	0.5361381484123939	1.8644496646657305	0.5016126073395507	0.33764570020799084	-0.31138843317700254	2.3907865113951052	0.4395039761056836	0.38934547883780424	-0.3668872319310943	2.4668572059911997	0.4320093511874011	0.3837660080860638	-0.39196422485134463	-3.3924443504039132	-0.28718316264327437	-0.2516340792332288	1.70322393675019	0.1831467200746313	0.35891907752182567	-0.35891924034733397	-2.7250696750912797e6	-0.00002174326630325209
0.050549633974622504	-2.150982982074411	-0.4760922315886271	-0.3806514540577842	0.29903670750578193	-0.5321635282095152	-3.940832885789147	-0.24065772591307558	-0.21150032896272616	2.53907403481503	0.1534318016457974	0.23522693330970443	-1.8810258493651149	-0.3396472372049169	-0.3850538009384675	0.28693180940798657	-2.3575191544323713	-0.4390197633841409	-0.3883181764367036	0.3632429540644679	-2.4277686381250962	-0.43579205298532175	-0.3923964444406713	0.3695174566520062	-2.4588595485458025	-0.43216577047204446	-0.3870405555712933	0.3870407045588425	271602.9153312713	0.00017939165544808875
0.05251310883434844	-2.1513851700597093	-0.4764463820706543	-0.38054189553714246	0.2979852916212351	-0.501082750439203	-4.570940271951247	-0.2095915870133087	-0.18947543271413955	3.340249509603226	0.13047638158577976	0.17512816323160135	-3.619979476252298	-0.1849285746596388	-0.20999728083522182	2.7515152187334264	0.18710151159777966	0.24498737394445744	-1.8034645129229274	-0.30570142067136546	-0.38644888990599885	0.2676412655545721	-2.3676425238496	-0.435666389126607	-0.3810472191553317	0.3810473472006897	361670.27986866166	0.00014833738003645287	4.834405623252622	6.773121779626605
0.062994077640129	0.24291009349456796	3.268997595850616	0.2847455253547555	0.25722831625957393	-1.6157855206462146	-0.19734037145486433	-0.3891816963573383	0.20707721727740347	-2.436072875470247	-0.4132458764942864	-0.36089097328783926	0.47964786402840454	0.3678085108832038	1.353515403433119	0.4984669404557075	0.36255789949298023	-0.04971548679837205	0.6195812469740078	1.3414597917824949	0.5538085477799918	0.34481734327901725	-0.06285216467791388	0.4897215629156838	1.81536798743087	0.47889631940404576	0.3266710162460797	-0.32667118438590803	-492537.2020971991	-0.00011041414603000158
0.06396351982085983	3.4554370118793454	0.2841392990063864	0.2674099729129866	-1.60179175392034	-0.18523323827836494	-0.3925634870114593	0.19300348823609667	-2.3057090054425022	-0.43482016707464566	-0.3723102649661649	0.3850393722155351	3.289907689442497	0.296301684906522	0.257712934119169	-1.5840169573567169	-0.18626929630255168	-0.3944733067923834	0.17832020012767855	-2.156846122817519	-0.4565665679159509	-0.3931842295908643	0.2905635712464413	-0.7854886790009404	-1.6692023483846752	-0.4995800857359427	-0.30572691524348566	0.3057267452713344	-536640.5400668989	-0.00010505274691079523
0.06598424169910963	-2.265698916086418	-0.4546044137649499	-0.3676060640100154	0.3747075169658367	4.156785083249089	0.2349453822594698	0.2146413495273873	-2.6169558626162197	-0.14666389613092828	-0.22641263999594874	2.0792629078859988	0.31792187855514303	0.34607718427988393	-0.48789164742284824	-1.3097374167696854	-0.6828303289854953	-0.40761568918903546	-0.06601285135764214	-0.11113766638741135	-3.47497492216886	-0.27502621021222534	-0.2583493429892841	1.7163192588628882	0.18759020811282995	0.36043958122735015	-0.360439433347987	2.9400979412355856e6	0.000020697283394076898	0.000020753008971791825
0.06601548202908261	-2.2657406090374335	-0.4546022535824785	-0.3676007218578759	0.3747174868422021	4.143272814230109	0.235698351027759	0.21522560777646477	-2.5997343724670925	-0.14718969535542084	-0.22802479862320663	2.043392212709536	0.3229491659845827	0.3517986045565803	-0.4474506003399494	-1.9512495287406557	-0.4983609694595187	-0.34483815040205124	0.3244187511214807	-2.4376368259277017	-0.43677756000674006	-0.37913399620114696	0.38708463669393556	1.6525065957792382	0.5899655210320932	0.3818031438638914	-0.09040317325726775	0.09040304427642903	-6.306695200416031e6	-9.829315613063127e-6
0.06882584248329654	-2.26897443101408	-0.4545147565091413	-0.3671760492316894	0.375216590581542	3.303018090028716	0.295162188492216	0.25756188332279784	-1.593947269282493	-0.18639960713779766	-0.3905956582091676	0.19145323516628682	-2.3089010341366296	-0.4357614278289548	-0.37005919099365764	0.38531818720844546	1.994261077151674	0.49492630448761393	0.3490916177330314	-0.3299170073678423	2.440986305758475	0.43622943601851566	0.3798407170067667	-0.3874154568306254	-2.020328238425728	-0.49144529089793526	-0.34492309670702237	0.34492323999256636	238309.85435960328	0.0002249310838335567
0.07892486893646959	3.7045384586214314	0.2643080990679158	0.25196237381930875	-1.8958913263929844	-0.17763032039014914	-0.3149163050955605	0.6621449082846673	1.1569672916249645	0.6688383352084933	0.3868996364350488	0.0832648871051534	0.21871578401490663	2.0226923284096427	0.46099255056170046	0.3445090555635458	-0.3609853481621566	-3.3071568939566163	-0.29478604118392837	-0.25805142050678714	1.592571088023941	0.18625294852683147	0.3916800479537629	-0.18948053724362865	2.286968649712881	0.43615364745563306	0.37577932499427563	-0.3757791971630682	430243.8698861702	0.00011386677707195053
0.08150323797144318	-2.281079722408577	-0.4546329746091542	-0.36553546031720546	0.3755536359313232	1.3407991532149828	0.6939822363387276	0.4237384778249847	0.07779046679806381	0.09168879014782609	3.4299170230609746	0.2793278635501271	0.262487794076727	-1.6491749435381655	-0.18819700258992772	-0.3816917765954064	0.2610842408520845	-3.8117592568363694	-0.2566170013661041	-0.26496311423818597	1.8347075383035978	0.18193345729500196	0.3303905973774036	-0.5380491898674229	-1.899144814102647	-0.49620849177435655	-0.3326886129199507	0.3326887753187137	302664.44196354464	0.00016046409254453424
0.08781246791449303	4.223501590596701	0.23194784384260916	0.2244442484904654	-2.5302618803477057	-0.1492634674700111	-0.23558750198633097	1.8888147968871623	0.34217401179890927	0.38503609505424313	-0.2887119320594339	2.3592163904551935	0.43897058519151205	0.38844665763936653	-0.3633670399267393	2.4259538600055084	0.43594696923845955	0.3929125105900716	-0.36840504312160977	2.366114704079717	0.4474602401883966	0.4026923774183594	-0.32219419054675175	0.820920506816238	1.6557155069846217	0.5021318105489393	0.3035748632017177	-0.30357471146585807	603079.6326047343	0.00008879263210196934
0.08781407650616609	4.224478245390528	0.2318952254053514	0.22439770960700173	-2.5314909800584386	-0.1492082884882171	-0.235488598531535	1.891386557052025	0.34209523700234556	0.38404527948700407	-0.29074903885882475	2.4042096541230675	0.4358477940580048	0.3772198929553746	-0.3876435683655185	-1.9208561511025795	-0.509831534786841	-0.3577663072530359	0.2812897382919767	-0.7627606050810559	-1.730637346088574	-0.49282225782733813	-0.302094798520409	0.33456858929568084	2.0412646845918094	0.4870585345711092	0.3475268649687769	-0.3475270196406014	-229372.15020229554	-0.00022047644526517875
0.08781502698191693	4.224562189783144	0.23189066024009655	0.22439371259022406	-2.5315974246709674	-0.14920450173832692	-0.23547852724711277	1.891606579066849	0.34206727593920916	0.38399175033507793	-0.29096314666080625	2.410361720519392	0.4348039620940881	0.37640794509097175	-0.3921016613036481	-1.2167754995836644	-0.7397727884797364	-0.4407695415767321	-0.1283296574092548	-0.10393046085040474	-2.1167069592008834	-0.457363049315553	-0.3513849628525058	0.36794230453468496	2.028187932593718	0.48987400529599645	0.3458908295127	-0.3458909719260557	-242677.91486599785	-0.0002209856460346355
0.08803260777335627	4.237456148622304	0.23118774693874808	0.2237815371668695	-2.548033307986431	-0.14871089935623685	-0.23379920252168543	1.9253861438898554	0.33595602177010486	0.37866935985263905	-0.32774991357287736	4.514356849441296	0.2188560961097699	0.2311024114333453	-2.6112933508296474	-0.14609936738581406	-0.22954701086407736	2.042486047390679	0.3227519942357898	0.3519927980937413	-0.44612966853540936	-1.9803025247568349	-0.494174661107961	-0.3408433761757988	0.34084351821127795	264958.4344418073	0.0002855128803926036	5.193477434382217	6.212138671135797	3.0282540108992038
0.09250791068373027	4.605450319363385	0.21285842722147216	0.20754170240933284	-3.028324358818018	-0.13556925875010414	-0.19361569594637748	2.9550080742203844	0.22338476957773215	0.2576284270878078	-1.6728197108456107	-0.27143342868162385	-0.40391051712365617	0.17971450835174863	-1.5628869829284002	-0.6246007899414845	-0.4862081195975348	-0.08274024368236413	-0.16638786274990366	-2.012654633716454	-0.46849690552838996	-0.35875764505427	0.3271620056909071	-2.3035228879585943	-0.46195171330926993	-0.39861684220533894	0.28911236351121683	-0.289112509059765	-6.660133600607613e6	-9.130139738594701e-6
0.09260617144921542	4.61711182816351	0.2123269376387777	0.20706339773496968	-3.0438975541454063	-0.13518471744550423	-0.19254288847092593	2.9896396678374293	0.22094561099363105	0.2548445726708849	-1.724963976385684	-0.2664390961538417	-0.38958014102924526	0.24168882175798606	-2.3095888183840323	-0.43988589216694396	-0.3855890474232695	0.35870172117188526	-2.4229300434833414	-0.4363508784837907	-0.3923179901091869	0.3682173156210217	-2.3360598796527894	-0.45847920970451583	-0.4007391299271901	0.2929764709998197	-0.2929798394930483	-288054.31321400736	-0.0001931215896972775	-35.468787577111854
0.09295015244423316	4.66062623434402	0.2103679248279943	0.20529689983655877	-3.1021939399060128	-0.13376268780298478	-0.1886352487050462	3.1199253541763445	0.21226945222832494	0.2448472702109455	-1.9245057589852708	-0.25069521630095537	-0.3404907837444446	0.49276509818798864	1.9212247148544954	0.49722346654173155	0.3403868975323425	-0.32770008407942985	4.492885574270384	0.22056783227204624	0.23266886709202744	-2.5734926883099782	-0.14702807070004667	-0.23279852932966008	1.967568866182965	0.3312359348602014	0.3688431433141318	-0.36884298113049446	1.319780157944745e6	0.00004285396770349021
0.09433510915376628	4.938875676243284	0.1986803340128967	0.19464507987916524	-3.4817375806989608	-0.12505748031176514	-0.1668795200993809	3.9919800818791185	0.17057927595050743	0.1910770788044391	-3.3752398252229874	-0.16001856284915106	-0.19814348268194953	2.958500408504796	0.19877396058946928	0.24227355886551544	-1.914992413806636	-0.2715758415825299	-0.3524054772296166	0.4362804965513672	3.356638418262761	0.28800867970698774	0.24963648403085073	-1.7038328940316756	-0.18489449508281133	-0.3587564125534334	0.3587565684563599	2.8315614777446887e6	0.000020106945257516117	0.00002010700209669992
0.1908978498552453	0.38001781797499506	1.7515721784278413	0.46913337071742195	0.33634882207704486	-0.2871070612589773	2.381736805977995	0.4384475095223857	0.3866870855682102	-0.37402148647617023	4.492948680994413	0.22101436319392345	0.23523524299445916	-2.5364523024224077	-0.14811557624422997	-0.2365307249539298	1.889907463300068	0.3421705410531061	0.38510651438712745	-0.28893179016308734	2.3602765224843383	0.4389209366063546	0.3881952518600448	-0.3638286568685218	2.4546189734932353	0.43253895680778315	0.3867319139839572	-0.38673206707482144	-264547.97654938546	-0.00019416968861119392
0.21203584687129742	0.316657506508581	1.8914555925606216	0.4528753533600861	0.3312128390212365	-0.35594293958756484	-3.507382178213669	-0.2775018089318117	-0.24721535632212768	1.8208290634426545	0.18171423865880337	0.3270041350428672	-0.5422286133502909	-1.8580983189902225	-0.5017632529483694	-0.3370619453664462	0.31047039300024504	-2.3982802339805427	-0.4376839444266375	-0.3886006778446271	0.3735356105280488	-3.8162992921467884	-0.26199734275931724	-0.2749653801298677	1.721204352500763	0.17984534692063284	0.3624541371080162	-0.36245397941189933	2.807215352284898e6	0.000020090810732507396
2.4800250051969464	-1.8283674996957577	1.5345484269852794	-3.403455026846993	-0.36860254531881304	-0.43598846913751715	0.42094842938384985	-4.58125491601336	-0.2171030209072571	-0.23331073073951003	2.610963769718543	0.1455460894057522	0.2296002828206553	-2.044389645193239	-0.32279344095147666	-0.3520132655242544	0.4474594697250192	1.9577353236471562	0.49624035765246033	0.34462651125506394	-0.33055204863555887	3.7879280574086645	0.2633059182272681	0.2736841987646322	-1.7203336225355677	-0.1801082914901951	-0.36226819040299013	0.36226803753647135	-2.8954112938260892e6	-0.000019901395677286496
2.480033367817436	-1.8273588833624312	1.5321573369533792	-3.387516129791305	-0.3708948390071721	-0.4383058410287024	0.40951543015126757	-2.460674026745078	-0.4325240700900791	-0.39518320375587507	0.37153998858937404	-2.432091398678397	-0.4353839964644726	-0.3933585273227827	0.3688846028733294	-2.36900497683171	-0.44686410815833705	-0.40243167626665305	0.3241639248478019	-0.8478895625576517	-1.5769891551671074	-0.5133235920629229	-0.3056684891267393	0.2609666699848847	-2.3796708592366347	-0.43949104357027863	-0.38102625420788655	0.381026378369584	330757.2045103852	0.00016322811820163117
2.4826314091674613	-1.83473451669395	1.5434554658569912	-3.433133955657327	-0.36599938377116054	-0.4282404148249845	0.4390255269302889	3.568512543653451	0.2727647584803419	0.23984288377574875	-1.9303523616707672	-0.17631683212143878	-0.30646834533975376	0.7371303288191424	0.9519134005089092	0.7071816394987096	0.39240250856516723	0.16541753122989022	0.24456710024737838	1.3563650219127572	0.5971417415264823	0.41957074075460077	0.04803269554602989	0.2629714200350875	1.9743172483247473	0.46668576086821795	0.3451067887922733	-0.3451069200388001	-512385.72689026553	-0.00010558529179820975
2.484096832565706	-1.8373458075410711	1.5461900504323285	-3.434587761307821	-0.3666890368353165	-0.4261592930067473	0.4381156604454073	2.0109312113223985	0.49487629127945226	0.33993336704976934	-0.3465194051990998	-3.307377023415536	-0.29494460134242484	-0.25891175106778563	1.5850575391373734	0.18614214785817726	0.3946648600736594	-0.17859336397150474	2.1570799848351783	0.4565462191333944	0.3932008416124373	-0.2905949738343408	0.7855224998326921	1.6691898508001357	0.49958261202655235	0.3057249049326279	-0.3057247405075166	554745.1344405661	0.00010372583876940785	0.00010409241774723637
2.4934776232372062	-1.9176059260901048	1.7364979125629068	-5.521566829232677	-0.1964089012781499	-0.2598259716583686	2.5494549817925294	0.14530564326839746	0.2386361797585399	-1.8926749195248689	-0.3423404650811526	-0.3853325720725068	0.28940119811632753	-2.3599721614318163	-0.4389139943091507	-0.38845708459804174	0.36352559734257317	-2.4366380209100553	-0.43391356090318556	-0.3915323560977874	0.3764474878014782	-3.818243901451488	-0.26190970617546183	-0.2750517931217875	1.7212622281425578	0.17982688350293294	0.3624665765626873	-0.36246673834930027	-2.7362784113423075e6	-0.00002061737600775085
2.4937828915906093	-1.918246427263122	1.7375093707893854	-5.532899669334346	-0.1959374080198744	-0.2591946559365101	2.5633166271699976	0.14491306309823068	0.23716955283469793	-1.9215651944326928	-0.33722700490406005	-0.38056061806533537	0.3205115864574661	-3.832029105140375	-0.25873934501054147	-0.26947454790520886	1.7891507832817906	0.17993096189198401	0.34305311994360177	-0.46922172924405836	-3.326611829149738	-0.28849110570713693	-0.24796565164999765	1.704679770915006	0.18657907921366074	0.35864306647820965	-0.35864290599579174	2.7367325530832196e6	0.000021611759544944562	0.000021660456681831707
2.4962884992008845	-1.7990527956927065	1.4342352162524779	-2.7410959788023006	-0.5016037183916792	-0.5365438616928387	0.007926121165868608	-0.17280007290271546	-3.352623381009245	-0.2854236426028965	-0.26209075305880575	1.6055210139337377	0.19113176748126584	0.39122487089052455	-0.19609513440265125	2.3132026518185107	0.43571453103644725	0.3704088126849911	-0.38547647441244903	-1.9930270118351732	-0.49495531568300805	-0.3493649163277314	0.3295447136938354	-2.4303739690435457	-0.4350380292938445	-0.3848742225883355	0.3848740827962233	-288699.95525003865	-0.000189429387702936	-0.00019076437111512797
2.4999939012811656	-1.7932544693907928	1.4149486428473648	-2.6433639923999515	-0.5279457352986839	-0.5576726145264254	-0.03798880716058307	-0.18641479184246187	-2.075095205756318	-0.4648212636926141	-0.3466963240544547	0.3630106548701615	2.0036619615370066	0.4931765072303899	0.35028488270540337	-0.3309451510111219	2.4420958282655256	0.435999923399233	0.37993847278167825	-0.3879102655321419	-1.9923852538971736	-0.4951754113874899	-0.3492551860339558	0.3294886565767152	-2.4303381341759405	-0.43504273196481236	-0.38487118934252557	0.38487132448281497	298628.74631483824	0.00018329254431923014
2.756112419119183	-1.805627799831898	1.0520948784524717	-1.3270820313588803	-1.7049960414245386	-0.537712915008131	-0.2974939336566423	0.30952900137853057	2.065554459670167	0.48472653993303677	0.34658227703876615	-0.35352221849352466	-3.570737494693136	-0.27280051246583265	-0.24406954783520077	1.8910392722297038	0.17834781010601947	0.3135761025870765	-0.6636896602547698	-1.1499291259271014	-0.6703874678516147	-0.3871435107795921	-0.08644920752236016	-0.21834722067436343	-2.0002745076295767	-0.4631943978863927	-0.3481382206529928	0.34813833868223404	564990.5701728687	0.00009570307341146369
2.871606615268488	-1.8743649028903042	1.0027659168159324	-1.1473166169042237	-3.0083122880549773	-0.31883716487158215	-0.23494217368672385	1.5781030038589092	0.19084516629313783	0.386744519162371	-0.1887639007729052	2.317828083865891	0.4341090573692574	0.3686823739790319	-0.39324337417892863	-1.2164719051610915	-0.7394012277388436	-0.4405501297760241	-0.12815180259865047	-0.1043828410975961	-2.1163621246172424	-0.4573787451094104	-0.3513497890712203	0.3679237668906231	2.02819478117236	0.4898724210192708	0.3458917103281353	-0.3458918473396307	-252250.09883796584	-0.00021913001462966453
3.0563252964333985	-2.185896245058015	1.1488587133206076	-0.9642852542903086	2.858497883615722	0.39699937084244613	0.4263096889315028	-0.3773801187944031	1.5443774855174826	0.7221940563832895	0.5392285432041936	0.1602929952316172	0.10445723465525927	1.3871087930725883	0.6415135063904779	0.4533977750715243	0.08699403042442493	0.1812899720035332	1.995365625279779	0.46870587349323783	0.3574356537763435	-0.32478048021976125	2.3014704328255995	0.4621649145936564	0.3985050650719484	-0.2888011223724611	0.28880097674945954	-6.65598922539956e6	-8.965395773587812e-6	-8.97433559964824e-6
3.0691184886095817	-2.2392232525654814	1.2049713705632843	-0.9668824562002353	2.3416869088738417	0.5192367970825605	0.5127326214973845	-0.015966793704071853	0.15521023086627406	4.228308043259867	0.22798909077232407	0.2181500862743682	-2.637990858588824	-0.1477603969670347	-0.22645588873710312	2.091335818107765	0.31401141006290506	0.34390389507286157	-0.5066356196566127	-1.1705214811513156	-0.7276241095158852	-0.424359142152331	-0.12390088231313144	-0.12800690476848753	-2.0715782473202977	-0.45903716222908764	-0.3551759861789376	0.35517610081535095	523401.230950555	0.0001052218427002884
3.6555584199582043	-2.112745187584622	0.6481665952926287	-0.6827902614874695	-1.8853694285165605	-0.5163020048992981	-0.3347967115253191	0.31727554572666733	-2.431771935609264	-0.43554266948041104	-0.38119623613596876	0.38930256826217413	3.4902694092494158	0.2789392140548413	0.2465555458201219	-1.8153309702169378	-0.1820633892611799	-0.32738955703435185	0.5339320185857781	1.9242931200770317	0.49507388024410187	0.32833055685320645	-0.3412019383956628	-2.0400980229408807	-0.4878021646896493	-0.3472934796129054	0.34729362325819985	242860.71732567388	0.0002257472683891713	0.00022606541342738278
3.6555809163001043	-2.112915216432969	0.6482285825672579	-0.6827398959467014	-1.894184735148859	-0.5139316406143217	-0.33412679778766186	0.3243630070806389	-4.505982586335404	-0.21990515829960225	-0.23184140602631093	2.5925044524324727	0.14640014016799427	0.23099741455578476	-2.007438731540017	-0.32635383472796087	-0.36044996283948644	0.41022519292162024	4.091424753850877	0.23796860897271935	0.2154626841270374	-2.563870548563235	-0.1488215712202521	-0.23132288131417858	1.9660107773500695	0.3312148149743923	0.36868350846054676	-0.36868334088443505	1.2791351834491862e6	0.00004254735956506647
3.6815905908318918	-2.142692428587222	0.6498155787913727	-0.6698476167922022	-3.3811761055912295	-0.2874505391242447	-0.23874382611058276	1.812320876517711	0.18208600517541584	0.3258414978345946	-0.5400118098742207	-1.8756249205169597	-0.4980028093251258	-0.3356451568506128	0.32266567260618806	-4.874906437196077	-0.20297365493787692	-0.21449916450464512	3.0772624554823667	0.1338157907555575	0.19109342221217962	-3.0556080349743473	-0.2165487984524375	-0.24976076704894	1.824001142590582	0.25738584943019466	0.36503258935590593	-0.36503244822795844	2.3115503016531593e6	0.000024025998564335364
3.6833901784429197	-2.1470426645134553	0.6508944043801219	-0.6683829581908429	-3.964411057895263	-0.24612780852383404	-0.2113956140008654	2.5194930608746176	0.1500147093619667	0.23424919897468496	-1.889526395833579	-0.34266920172751814	-0.38478304800799035	0.28934076687063637	-2.3731960781683803	-0.43645937255343936	-0.38669187433506547	0.37346119989148385	-4.522011850085777	-0.2195494241440458	-0.2337088995495042	2.5739473392818377	0.1468987917512857	0.23288251517858136	-1.9677069406857501	-0.3312564245710076	-0.36885377348784243	0.3688539383845282	1.297777416888639e6	0.000043552686022228796
3.6834305956074007	-2.147118899390062	0.6509095793921053	-0.6683556816778591	-3.9753459792780506	-0.2454653381725173	-0.21093785243424454	2.5333757405302193	0.14958564218220333	0.23285715316168965	-1.917978552740137	-0.33759403102880686	-0.38012625870193256	0.3200106926183336	-3.8316845773359494	-0.2587533156524056	-0.26945937612696896	1.7891430207620875	0.179935543603942	0.34305130410722706	-0.46921885531230484	-3.326613610953481	-0.2884910115383687	-0.24796574757656395	1.704679973575669	0.18657902099148707	0.3586430395054343	-0.35864319728785593	-2.783564346942732e6	-0.000019545268935061483
3.6843143441181305	-2.1494243633368484	0.6515124943945394	-0.6675960186536946	-4.367615434832288	-0.22389976748533108	-0.19560497782928227	3.045064672758633	0.1354367608830132	0.19098432051203681	-3.0139168873279067	-0.21956232543402843	-0.2529171884775678	1.760101282536999	0.26196009811684884	0.3820900578986956	-0.2871161115580584	3.64406382244279	0.27092983005777643	0.27825591055159526	-1.6117649691759712	-0.18529974518427242	-0.394861105688037	0.19472737939670987	-2.291247033106781	-0.4358891153244018	-0.37611711054389213	0.37611723164644395	452213.22851370776	0.00011611950315725382
3.6985852826906123	-2.1246420475730345	0.6353469284585078	-0.6714585894799404	-1.2703144398612285	-0.709999584129814	-0.39770784897070466	-0.0702159791965465	-0.07581407760719083	-4.24689799109235	-0.22699626701287737	-0.22085484830171945	2.6142571196586704	0.14849561763536262	0.2290730143433314	-2.0381171600690724	-0.32173822378348055	-0.3516504462227598	0.4453118882070478	1.996861717126423	0.49486509535256223	0.33673062253439034	-0.34382201083193226	-2.03918142215756	-0.4880381681350037	-0.3471722541260183	0.34717239956501056	239144.60702551602	0.00021955238817525984	0.0002221607550772212
3.851813481093454	-2.2022529010436083	0.606222052159965	-0.6265543054505858	0.02503421851703867	-2.0207476509479436	-0.4256936230581943	-0.3657737025921546	0.33963090883592856	-4.468217103181107	-0.2217666486417445	-0.23446812827209826	2.535107338995046	0.14833895689804086	0.23661356564876215	-1.886775976376741	-0.34245960944075937	-0.3857947628339638	0.28609612276034757	-2.287066469979439	-0.4520622435338885	-0.39847741603359826	0.31248932246701233	-0.8104680019215212	-1.6594665328375549	-0.5013643028522415	-0.30418396360738104	0.3041838028241648	-568998.0250344204	-0.00010088242628679886
3.8597316086617317	-2.2089919739863024	0.6057890529760143	-0.6237513585428299	0.06813295984012663	-2.1352268355506165	-0.41807213143739586	-0.3556855367837854	0.39133438812632926	1.9893954285215665	0.4952070330206035	0.3486600839709266	-0.32928927121232177	2.4409608892981645	0.4360938133324291	0.37986553478673196	-0.38787595969546124	-1.999706542766743	-0.49317817932659247	-0.348757118815289	0.3355882774991764	-3.791306295765389	-0.26315658809760617	-0.27383660055275744	1.7204270749107766	0.18006992803732885	0.36228965952451986	-0.36228981526004633	-2.842201226250715e6	-0.000019322776175988322
3.904929783098549	-3.3956199269838665	1.9634412882338321	-0.698236918875408	0.6242334609561904	-2.6645213848247553	-0.4132491344431287	-0.39367281367337786	0.41067471052878374	1.0237696681739368	0.8321248746955453	0.463683448204622	0.20402602801613068	0.08435348544602701	1.40379465714177	0.6301280888767957	0.45322783728443544	0.08081765063488346	0.1923939670893908	1.9869852907712318	0.4694072249963694	0.3566119942861782	-0.3237091287436987	2.300608498172004	0.46225781669086585	0.39845045856364497	-0.2886898777371234	0.2886897477047673	-7.453794468698297e6	-7.615862018384966e-6
3.910917230757346	-2.2877667228407472	0.6160858128206199	-0.5982002869123868	0.8705218258740434	3.1612232523712027	0.29587121141941575	0.23140979933909447	-1.7507920663612275	-0.1919883048256206	-0.34343330189511306	0.43329007045828505	4.652597351290488	0.20889121023077623	0.19165925061284933	-3.340813384861344	-0.1290281703443603	-0.1741823930412477	3.656299627487421	0.18408578362680544	0.20849712220116462	-2.798895386971688	-0.1841038369999806	-0.2405779669400928	1.8917874562087935	0.2955890656820051	0.3668634099831373	-0.36686324809170073	1.65701923351822e6	0.00003438417030860913
3.910934004902578	-2.28762646965903	0.6160262170223759	-0.5982291510321781	0.8694556558166086	3.176182522828776	0.29456915673687406	0.2307954413962177	-1.7675764506591767	-0.19154830309114984	-0.3389899745160915	0.4591289096392434	3.4327860563532178	0.27977415107671866	0.2431400086736724	-1.8209715295330124	-0.18451964101169366	-0.3269004560401192	0.5399031688433625	1.8611904769991792	0.5016129253514446	0.33705240398888864	-0.3111754523078352	2.4168773007266746	0.43625946377003294	0.38385834773642724	-0.383858492511687	-279616.76470819034	-0.0001965918622920231	-0.00019748127765559752
4.201613868380406	-3.721194290595382	2.081513839653462	-0.6098749298532814	0.549913368325301	-0.8294863954324073	-3.070638405839665	-0.3038353765643955	-0.237171996898136	1.634171144639826	0.19514279069069593	0.377830409915271	-0.2583617562271967	3.8125885594219264	0.2565774040208866	0.26475294752249023	-1.837088115186069	-0.18173369819118226	-0.32997689433306954	0.542435500582089	1.8605338208296218	0.5018340637914047	0.33693529494071645	-0.3111063089977848	2.416832818925348	0.4362653180787343	0.3838546201432247	-0.3838547634915233	-282390.15267057467	-0.0002008900931615007
4.3056403947622295	-4.022880968644096	3.536575292037171	-2.0563198171513144	0.6254104807714341	-0.6034213608407276	4.646953425532244	0.21600906918974921	0.24030848593124035	-2.5395980212492626	-0.1473898585633262	-0.23685663761611278	1.8928397214849126	0.3421825196732698	0.38439590295662773	-0.290853534668882	2.4020086210394926	0.43471259039511506	0.3792572929508995	-0.38860641708128746	-3.3938499265559368	-0.287067638547661	-0.2517300640512429	1.703316757990273	0.18314616342216986	0.35893496007490394	-0.3589351104378835	-2.9507635633732085e6	-0.000019019167049207375	-0.000019036951738687537
4.387366027792551	-4.112376333313526	3.6364999128222832	-2.1013858996579593	0.6055096750146491	-0.5801518334246328	2.5940538663685224	0.4214213950463769	0.40343012878452195	-0.38113019649180024	2.4776705572601863	0.4323978669322535	0.38264375546261026	-0.3906542001412365	-1.9985318782953896	-0.4933947227249666	-0.3486111497575794	0.3354541512529968	-3.791219032043566	-0.26316073655733657	-0.2738326018393646	1.7204242576533482	0.18007067629155069	0.3622890717841371	-0.3622892362266159	-2.691710726870438e6	-0.00002150993142853842	-12.681917337466846	-2.6236036235206295	-2.9348086699610083
27.0237860838235	-0.06917595338304504	2.2692819231646464	0.4545235610170483	0.3671334116211412	-0.3752053163767269	-3.244887636946432	-0.30061927867182736	-0.2608586840405196	1.5286380998303495	0.18734809292278254	0.41386969269643276	-0.0993893745781036	1.5241638247574572	0.6006048834246901	0.4707348185612102	0.06760516962242856	0.20383794276107417	1.981715055489153	0.47052951413631955	0.3558935681205134	-0.32314325528992954	2.3002336547091224	0.4623024271823327	0.3984158719200323	-0.2886697136032769	0.2886732892337529	271068.8726392065	0.00020590907215742803	1720.3332733468922
43.337922401462016	-3.8949938695789292	2.3027784513116463	-0.6280557194253543	0.5971137675271591	-1.1171825099668848	-1.5056240972067605	-0.532744303046916	-0.2928743439899312	0.2482834020093518	-2.3252967683438244	-0.446534320801776	-0.3893278355410857	0.35059110383530123	-1.651630146321875	-0.6621107336946241	-0.5131701864059522	-0.10624281461695491	-0.11893330031082122	-1.9631405513186684	-0.48315098159320524	-0.37335687350785995	0.2695525189985192	-0.7651825439063223	-1.6757601694274276	-0.4979328994317148	-0.3068266384054849	0.30682679502901805	584329.0195359964	0.00009857702990956459
